File,Range
S29_Q21.csv,0.17586773889951046
S119_Q15.csv,0.19084440716872186
S57_Q15.csv,0.1999847943418822
S215_Q21.csv,0.21254908480736245
S270_Q21.csv,0.22196650045579425
S85_Q15.csv,0.22210069007647693
S118_Q15.csv,0.22339030425183015
S122_Q18.csv,0.22532877572012722
S162_Q4.csv,0.22612803214604416
S216_Q15.csv,0.22760501664127258
S119_Q7.csv,0.23338105468422232
S2_Q15.csv,0.24232018935309868
S168_Q22.csv,0.24320508614024172
S122_Q22.csv,0.2505083681662389
S28_Q18.csv,0.25330239691145545
S28_Q20.csv,0.2540880155037658
S354_Q15.csv,0.2548431157456301
S168_Q15.csv,0.2564356468018497
S354_Q21.csv,0.2583218728416981
S192_Q15.csv,0.2590864184476423
S354_Q18.csv,0.26174858722745326
S165_Q16.csv,0.26895594868127004
S326_Q16.csv,0.2725844545478179
S28_Q21.csv,0.27343444329865285
S9_Q22.csv,0.27510849327624887
S194_Q4.csv,0.2777760268249872
S215_Q18.csv,0.2803099880283863
S270_Q15.csv,0.2806024789176994
S356_Q9.csv,0.28080497932413806
S127_Q22.csv,0.2889535646044124
S29_Q1.csv,0.289718227990887
S354_Q22.csv,0.2923563947638446
S245_Q15.csv,0.2926235413936258
S119_Q16.csv,0.29303581151173796
S204_Q21.csv,0.2940716921016822
S284_Q15.csv,0.29486889161534946
S28_Q22.csv,0.29571860857607035
S165_Q15.csv,0.296762561058173
S274_Q22.csv,0.2986569315818298
S28_Q14.csv,0.301095210689743
S122_Q15.csv,0.30129522334944175
S29_Q4.csv,0.3013196508381616
S85_Q16.csv,0.30262436411068677
S122_Q21.csv,0.3036942754380809
S92_Q20.csv,0.30486863282892124
S211_Q2.csv,0.3050302579622294
S28_Q47.csv,0.3059930197358862
S387_Q15.csv,0.30606941921133135
S326_Q20.csv,0.30645657363432743
S207_Q15.csv,0.3089118496868893
S194_Q18.csv,0.31148210606035015
S346_Q4.csv,0.31408689604332096
S28_Q16.csv,0.31543272926829063
S162_Q22.csv,0.3155302232224777
S122_Q4.csv,0.3168373480174712
S215_Q16.csv,0.3214432923338033
S165_Q18.csv,0.3220702645399798
S92_Q22.csv,0.32292651750335155
S166_Q4.csv,0.3235802138892234
S192_Q4.csv,0.3251371211672942
S174_Q4.csv,0.32515671450882433
S127_Q15.csv,0.32745610939773473
S377_Q20.csv,0.3288982780086468
S338_Q15.csv,0.329008123840278
S184_Q15.csv,0.330999310289108
S124_Q15.csv,0.33244353118614645
S174_Q14.csv,0.33255816774955976
S28_Q11.csv,0.33271754790747166
S237_Q18.csv,0.3339584966618867
S202_Q22.csv,0.33533897081904035
S85_Q21.csv,0.3361739184939303
S91_Q15.csv,0.33668616122528233
S215_Q4.csv,0.3386255281123318
S354_Q4.csv,0.33871517059698425
S193_Q15.csv,0.33899544033791107
S194_Q16.csv,0.33920255288102397
S270_Q47.csv,0.33987762730981613
S194_Q21.csv,0.34004360999281885
S216_Q16.csv,0.34031249045088974
S215_Q20.csv,0.340906571995852
S28_Q6.csv,0.34168614271624814
S204_Q15.csv,0.34174663627986784
S85_Q22.csv,0.34182642506290406
S211_Q21.csv,0.34518978952409746
S119_Q20.csv,0.3459627619994935
S119_Q47.csv,0.3460925051255399
S334_Q18.csv,0.34610809074776405
S118_Q16.csv,0.3477341123622498
S119_Q18.csv,0.348579049415054
S91_Q11.csv,0.3501038368773553
S118_Q18.csv,0.3517402295456923
S168_Q20.csv,0.35199177079034916
S194_Q2.csv,0.35223809846927784
S326_Q18.csv,0.3527717260493808
S171_Q15.csv,0.35332390835404326
S122_Q16.csv,0.3540448460201194
S175_Q21.csv,0.3542036257726626
S119_Q2.csv,0.35508978539530767
S354_Q20.csv,0.35607724214652325
S215_Q10.csv,0.35660311338216616
S57_Q20.csv,0.36015135168492574
S85_Q11.csv,0.36029948683199065
S184_Q47.csv,0.36113989447501305
S295_Q21.csv,0.3611741304587075
S354_Q2.csv,0.3613466986855318
S270_Q4.csv,0.36233734588714495
S85_Q20.csv,0.3624225304491377
S163_Q15.csv,0.362836291114772
S377_Q15.csv,0.36284605027380634
S119_Q14.csv,0.3634147511006795
S29_Q7.csv,0.36571025065685436
S170_Q16.csv,0.3674984942092921
S171_Q18.csv,0.3700295342475215
S354_Q11.csv,0.370471350807021
S349_Q22.csv,0.371156119636763
S211_Q16.csv,0.3720053398222709
S215_Q47.csv,0.3721318400862693
S229_Q21.csv,0.3726892387510601
S222_Q4.csv,0.37280317110878913
S132_Q1.csv,0.37344861852347666
S200_Q20.csv,0.3744203802730713
S200_Q4.csv,0.37467600332512163
S270_Q20.csv,0.3746856919386897
S162_Q11.csv,0.37502226104517794
S237_Q47.csv,0.3764386778062794
S125_Q21.csv,0.3777671077068327
S346_Q22.csv,0.3780397014662942
S28_Q15.csv,0.3787056465749684
S127_Q4.csv,0.3798276562522138
S200_Q1.csv,0.37984553704386925
S277_Q2.csv,0.3799125619647047
S165_Q4.csv,0.3800293288785088
S194_Q11.csv,0.3802868930691769
S170_Q4.csv,0.38131665593176445
S295_Q15.csv,0.3816946920164468
S327_Q15.csv,0.3826654731710489
S207_Q21.csv,0.3843248358959894
S192_Q16.csv,0.3851483509565117
S211_Q18.csv,0.38538667600028725
S9_Q15.csv,0.38562903776898594
S193_Q4.csv,0.3862995497320523
S194_Q47.csv,0.38649127508471337
S28_Q1.csv,0.3871490791263185
S162_Q1.csv,0.38741031075764193
S132_Q10.csv,0.38773470986447756
S168_Q21.csv,0.38825215305302896
S334_Q21.csv,0.38852969209517424
S200_Q11.csv,0.3887709843496504
S132_Q47.csv,0.3897183199328305
S204_Q18.csv,0.3899893219107872
S168_Q47.csv,0.39086282863733013
S165_Q20.csv,0.3912760975550943
S57_Q22.csv,0.3923755068487418
S156_Q18.csv,0.3927586403018888
S122_Q47.csv,0.3927616756348363
S127_Q21.csv,0.3945950507412267
S132_Q18.csv,0.3949054999845894
S207_Q18.csv,0.3957250830667575
S215_Q11.csv,0.39692540233512513
S310_Q16.csv,0.39752972114625346
S8_Q20.csv,0.39801845017831045
S215_Q1.csv,0.39938071442076434
S118_Q10.csv,0.40029378115689435
S295_Q4.csv,0.4007471190329129
S200_Q18.csv,0.4010975079353854
S216_Q1.csv,0.4011766005066174
S1_Q4.csv,0.40187961190121513
S204_Q4.csv,0.4030367795637979
S334_Q16.csv,0.40309796464241443
S27_Q16.csv,0.40321821588478307
S334_Q47.csv,0.4051448396012188
S127_Q20.csv,0.4066194713219841
S346_Q15.csv,0.4069034477085246
S274_Q47.csv,0.4069768929929146
S333_Q15.csv,0.4077386654585023
S8_Q11.csv,0.408117151134982
S118_Q47.csv,0.40843146036136313
S278_Q15.csv,0.4088678453884062
S271_Q47.csv,0.4089077494732392
S25_Q22.csv,0.4090656617421119
S311_Q6.csv,0.4090716729999223
S194_Q1.csv,0.40956654148206934
S193_Q21.csv,0.4097496619693901
S76_Q1.csv,0.41090669961934045
S202_Q20.csv,0.4113469936641753
S270_Q22.csv,0.41275563058822357
S28_Q13.csv,0.41342709406292244
S356_Q15.csv,0.4134290840234787
S174_Q21.csv,0.41449152040629317
S244_Q9.csv,0.41600270399637657
S9_Q13.csv,0.4160257179298182
S119_Q10.csv,0.4161532565358989
S215_Q22.csv,0.41621410523047647
S205_Q18.csv,0.41644954932342365
S327_Q21.csv,0.4164670011732665
S327_Q20.csv,0.41662331283424425
S37_Q15.csv,0.41666266282136943
S237_Q10.csv,0.4167249631005841
S200_Q10.csv,0.41698007165504514
S202_Q21.csv,0.4173066583123532
S215_Q14.csv,0.417353386241353
S118_Q4.csv,0.4180347437420865
S28_Q23.csv,0.4186762862764337
S192_Q1.csv,0.4194748048932483
S88_Q20.csv,0.4196868229180379
S184_Q18.csv,0.41995532544069497
S202_Q18.csv,0.42051143742745245
S127_Q18.csv,0.42143764374889303
S28_Q10.csv,0.42185635020721735
S175_Q10.csv,0.42392144560376366
S171_Q20.csv,0.4239384252980942
S349_Q16.csv,0.42399423695931376
S198_Q15.csv,0.42591949314077693
S118_Q6.csv,0.4264169967987076
S124_Q18.csv,0.42651113553076847
S346_Q6.csv,0.4265245591862619
S270_Q16.csv,0.4271148377793319
S165_Q47.csv,0.4271608584790565
S204_Q2.csv,0.42742289470143974
S132_Q23.csv,0.4276710515056302
S198_Q21.csv,0.42780638764040846
S111_Q4.csv,0.42858708272555324
S57_Q47.csv,0.42948200579686735
S9_Q47.csv,0.429642347095661
S174_Q20.csv,0.43048517182198065
S200_Q2.csv,0.4305578003277792
S237_Q13.csv,0.431077412463079
S371_Q4.csv,0.4313379710013286
S170_Q20.csv,0.4316395163669609
S132_Q21.csv,0.4316488335649831
S345_Q18.csv,0.4322645782209787
S122_Q14.csv,0.4323331147079123
S327_Q4.csv,0.43313075938548395
S237_Q11.csv,0.4332836412107786
S122_Q2.csv,0.43355020871357836
S333_Q21.csv,0.4342537263022166
S200_Q16.csv,0.43430026419124657
S346_Q20.csv,0.4345743248588958
S354_Q47.csv,0.43530266980951104
S162_Q20.csv,0.4367254911803587
S156_Q4.csv,0.43731219409622063
S346_Q2.csv,0.43865988452368626
S9_Q21.csv,0.43943405872676067
S165_Q10.csv,0.44046128794071515
S387_Q21.csv,0.4405508451206836
S295_Q10.csv,0.4405692455579011
S349_Q21.csv,0.44263244110573163
S200_Q7.csv,0.44324908284881204
S334_Q20.csv,0.4433262514972723
S26_Q20.csv,0.44431231704930674
S358_Q2.csv,0.444399555517437
S245_Q4.csv,0.4449584910719014
S37_Q21.csv,0.44504901695900934
S277_Q9.csv,0.44536672953906126
S184_Q4.csv,0.44557977691866957
S341_Q47.csv,0.44616973428438006
S174_Q1.csv,0.44628047980679675
S338_Q47.csv,0.44912713420321104
S168_Q13.csv,0.4491932577159395
S278_Q2.csv,0.44989182035021935
S311_Q4.csv,0.44993404530259695
S334_Q10.csv,0.4515499447966136
S170_Q11.csv,0.45155889786366316
S200_Q47.csv,0.45168739901548893
S165_Q22.csv,0.45197391054457603
S237_Q21.csv,0.45202001820472804
S28_Q2.csv,0.4525599100325851
S295_Q20.csv,0.452725389680309
S174_Q9.csv,0.45285329260461943
S132_Q13.csv,0.45337960323343796
S132_Q4.csv,0.4535155284632091
S204_Q11.csv,0.4536767105379031
S57_Q18.csv,0.4544128150179496
S334_Q2.csv,0.454948603731342
S171_Q4.csv,0.4552504802824134
S198_Q22.csv,0.455863020905567
S122_Q20.csv,0.45640974476611473
S168_Q10.csv,0.45696262375791324
S184_Q16.csv,0.4573178447640596
S111_Q22.csv,0.45778379450762996
S25_Q15.csv,0.4578484610975557
S277_Q15.csv,0.4579329918300809
S327_Q16.csv,0.45805976270580584
S192_Q18.csv,0.4580796620926084
S257_Q18.csv,0.45841544132264606
S1_Q21.csv,0.45866820477537007
S198_Q18.csv,0.45909665578231273
S377_Q22.csv,0.45958267485375903
S192_Q11.csv,0.4596457214620536
S2_Q11.csv,0.45971575151678246
S326_Q15.csv,0.4603470488091732
S174_Q11.csv,0.46064850599313756
S184_Q22.csv,0.461389550945283
S356_Q22.csv,0.4615868948577422
S91_Q22.csv,0.46212079153875957
S132_Q6.csv,0.4623153165929148
S349_Q47.csv,0.4625497296828717
S376_Q18.csv,0.46338509612489
S132_Q2.csv,0.46355409263773245
S174_Q2.csv,0.4636590400454775
S211_Q22.csv,0.4636830046410764
S334_Q9.csv,0.4639238373045587
S77_Q2.csv,0.4644733722914518
S184_Q2.csv,0.4645019184902211
S349_Q10.csv,0.4646452357459418
S216_Q23.csv,0.4648292986306083
S88_Q21.csv,0.46485716487210904
S345_Q4.csv,0.46515059997218344
S91_Q2.csv,0.4657763779655762
S215_Q2.csv,0.4664839107377296
S26_Q11.csv,0.4669966404717541
S85_Q9.csv,0.4675661813162559
S163_Q4.csv,0.46792428795110746
S334_Q14.csv,0.46800174990367926
S132_Q9.csv,0.4682829220683846
S257_Q21.csv,0.4683866513979631
S354_Q6.csv,0.4694647133713259
S237_Q15.csv,0.4697511994792434
S9_Q20.csv,0.4704209041097092
S162_Q2.csv,0.47150036084739
S257_Q47.csv,0.47176564961274403
S162_Q47.csv,0.471891414377228
S132_Q15.csv,0.47297866927372345
S346_Q21.csv,0.47365133231948375
S237_Q20.csv,0.473696089104088
S29_Q2.csv,0.47371601579876027
S333_Q2.csv,0.4738095684419053
S110_Q18.csv,0.47410741473066453
S277_Q21.csv,0.47434345008440704
S165_Q21.csv,0.4745115474519734
S111_Q20.csv,0.47461422921546526
S326_Q14.csv,0.4754366484882896
S354_Q9.csv,0.4757871350457492
S156_Q47.csv,0.4762679218085679
S27_Q21.csv,0.4765287700455474
S184_Q21.csv,0.4766504608472064
S278_Q4.csv,0.4772214296158894
S194_Q10.csv,0.47726800275645653
S311_Q20.csv,0.478071767127552
S118_Q22.csv,0.4781894799609898
S8_Q15.csv,0.47825721211844724
S354_Q10.csv,0.4791049540089585
S220_Q23.csv,0.47963123634756505
S132_Q16.csv,0.4796934046445353
S311_Q2.csv,0.48000627890419256
S354_Q1.csv,0.48108736586684936
S170_Q47.csv,0.4819036964823617
S165_Q23.csv,0.48272509925385265
S156_Q10.csv,0.4831957865993178
S229_Q47.csv,0.4832723655793112
S9_Q11.csv,0.48340245859056075
S174_Q23.csv,0.4835972638914972
S215_Q6.csv,0.48376980474752473
S163_Q16.csv,0.48413179888820723
S184_Q11.csv,0.4843618831994639
S110_Q47.csv,0.48453214925563304
S327_Q22.csv,0.4852419454144415
S91_Q4.csv,0.48544342561510906
S6_Q23.csv,0.4855579759935798
S127_Q2.csv,0.48604676778381073
S349_Q18.csv,0.48665648531602523
S131_Q1.csv,0.4866707854315183
S6_Q1.csv,0.48729398698062776
S327_Q2.csv,0.4874637050120472
S184_Q20.csv,0.4877295045255699
S346_Q47.csv,0.4877607971729732
S274_Q18.csv,0.48791695592501605
S85_Q2.csv,0.48812935003991637
S29_Q9.csv,0.48934172342944804
S8_Q16.csv,0.48941181003839807
S8_Q10.csv,0.49082453796596365
S326_Q23.csv,0.49166271975689996
S277_Q7.csv,0.4922054885508168
S165_Q13.csv,0.492671928471601
S88_Q18.csv,0.4928039598654326
S25_Q18.csv,0.49380515454688506
S127_Q23.csv,0.4938324617841044
S9_Q16.csv,0.49483374301269745
S156_Q21.csv,0.4954203746790411
S175_Q15.csv,0.49558021942929953
S349_Q6.csv,0.4957345967583403
S193_Q18.csv,0.495927866035032
S156_Q9.csv,0.49602891427904733
S284_Q14.csv,0.49616550976546114
S175_Q6.csv,0.49618705600173785
S85_Q6.csv,0.49797049110384733
S194_Q7.csv,0.4992291824983724
S119_Q4.csv,0.5001056638697002
S28_Q7.csv,0.5007800040572039
S220_Q6.csv,0.5008468454277932
S277_Q16.csv,0.5013558611505903
S91_Q16.csv,0.501419800382533
S333_Q20.csv,0.5020736508315817
S1_Q1.csv,0.5025940378710504
S295_Q47.csv,0.5026140512109252
S76_Q16.csv,0.503029952473411
S174_Q6.csv,0.5031352588747469
S326_Q2.csv,0.5043294184632374
S57_Q21.csv,0.5045097312469091
S346_Q10.csv,0.5048084272808309
S26_Q47.csv,0.5052869641979589
S174_Q22.csv,0.5055559526507021
S9_Q6.csv,0.5058180424840704
S346_Q1.csv,0.5058576437056206
S358_Q9.csv,0.506354179333252
S200_Q14.csv,0.5070124578497206
S192_Q2.csv,0.507066056155378
S338_Q20.csv,0.50721405751881
S8_Q4.csv,0.5081386446083587
S211_Q15.csv,0.5085639357574064
S198_Q20.csv,0.5089429348013081
S257_Q16.csv,0.509565512047776
S216_Q10.csv,0.5101860283755523
S215_Q13.csv,0.5112417808584523
S119_Q1.csv,0.5116558681005279
S244_Q47.csv,0.5117202957672955
S77_Q4.csv,0.5120461109028378
S6_Q10.csv,0.5124417185207366
S192_Q47.csv,0.5124622835192759
S57_Q23.csv,0.512845284190151
S25_Q47.csv,0.5131525905431749
S29_Q6.csv,0.5133534294384338
S244_Q15.csv,0.5137441331280472
S274_Q15.csv,0.5142269736336037
S61_Q16.csv,0.5157798973858264
S295_Q22.csv,0.5160621880863365
S171_Q10.csv,0.5175012082335586
S326_Q22.csv,0.5175589291465448
S8_Q6.csv,0.5187117908610167
S85_Q14.csv,0.5197629685132908
S205_Q16.csv,0.519977975687214
S119_Q11.csv,0.5201648613509824
S127_Q16.csv,0.5203689608506452
S326_Q1.csv,0.5206369541345454
S77_Q22.csv,0.5206674272783811
S2_Q21.csv,0.5209582844374134
S207_Q22.csv,0.5213250139959817
S274_Q9.csv,0.5217559847983326
S26_Q2.csv,0.522017973005285
S174_Q13.csv,0.522287693924008
S278_Q16.csv,0.522437253742922
S274_Q13.csv,0.5230440441506565
S270_Q6.csv,0.5231471884241776
S376_Q47.csv,0.5232601954117813
S371_Q22.csv,0.5242542348509456
S245_Q9.csv,0.5243589913467395
S168_Q18.csv,0.5244862852569154
S29_Q18.csv,0.5248774293173497
S91_Q9.csv,0.525001288444173
S327_Q1.csv,0.5251847079287331
S2_Q1.csv,0.5255454005316114
S277_Q10.csv,0.5264028940242711
S77_Q20.csv,0.5264123518999917
S28_Q9.csv,0.526667762306284
S216_Q11.csv,0.5272525537741075
S25_Q2.csv,0.5277218145380602
S127_Q1.csv,0.5285322933636765
S334_Q7.csv,0.5285556026692309
S122_Q10.csv,0.5287999745844361
S277_Q20.csv,0.5289056076204509
S110_Q4.csv,0.5290522253048351
S91_Q7.csv,0.5293147768886977
S215_Q9.csv,0.5300867487347013
S91_Q1.csv,0.5303553981883393
S9_Q18.csv,0.5309882728400945
S245_Q14.csv,0.5310326941398896
S125_Q15.csv,0.531419841085538
S274_Q16.csv,0.5314664301088975
S122_Q1.csv,0.5320666729154824
S121_Q23.csv,0.5325323960545156
S245_Q20.csv,0.532875217018618
S174_Q16.csv,0.5342135517543571
S100_Q22.csv,0.5343392963855607
S162_Q16.csv,0.5347253768653175
S171_Q21.csv,0.535037222543238
S7_Q9.csv,0.5355776920818156
S338_Q6.csv,0.5357191746416166
S162_Q10.csv,0.5357593933578251
S311_Q15.csv,0.5368470178427696
S168_Q2.csv,0.5371088587774118
S207_Q9.csv,0.5372644775476204
S25_Q20.csv,0.5372974361057402
S295_Q11.csv,0.53736097649694
S202_Q9.csv,0.5378308184143281
S25_Q1.csv,0.5379079612014517
S88_Q11.csv,0.5388561421816764
S200_Q21.csv,0.5389852718608332
S85_Q7.csv,0.5392967830151378
S168_Q4.csv,0.5396495386927174
S132_Q20.csv,0.5396815125597116
S349_Q14.csv,0.5397653617835088
S256_Q1.csv,0.5399137753722889
S162_Q14.csv,0.5401022929090509
S193_Q16.csv,0.5402113215373001
S86_Q2.csv,0.5406227427863333
S277_Q11.csv,0.5406345625876574
S346_Q11.csv,0.5411849161987943
S9_Q2.csv,0.5411872111284708
S229_Q13.csv,0.5425355753042256
S76_Q23.csv,0.543146349955667
S159_Q16.csv,0.5435378695521109
S193_Q22.csv,0.5435605068212122
S29_Q16.csv,0.5435652843522076
S117_Q20.csv,0.5438291148070437
S349_Q11.csv,0.5438860643623669
S245_Q7.csv,0.5442723130004528
S334_Q1.csv,0.545001271453073
S277_Q47.csv,0.5452449391967007
S257_Q15.csv,0.5457858212457067
S277_Q4.csv,0.547357635907771
S295_Q13.csv,0.5474971865935236
S125_Q4.csv,0.5476932291166368
S200_Q6.csv,0.5478176955448921
S119_Q23.csv,0.5482130847630511
S168_Q7.csv,0.5483264836217333
S156_Q6.csv,0.5488129002635076
S346_Q23.csv,0.549441534749089
S192_Q23.csv,0.5501614875659226
S117_Q6.csv,0.5504044936464951
S26_Q1.csv,0.5505795904200899
S376_Q10.csv,0.5511736680287586
S216_Q47.csv,0.5512943923880658
S274_Q21.csv,0.5520924680767133
S216_Q9.csv,0.5522644445478149
S8_Q47.csv,0.5525342818648997
S25_Q4.csv,0.5528588758271076
S346_Q7.csv,0.5528770634783933
S241_Q4.csv,0.5530677962979278
S175_Q4.csv,0.5535956795767087
S285_Q16.csv,0.5546180073190197
S354_Q7.csv,0.5547881705790516
S25_Q11.csv,0.5550527960654226
S277_Q6.csv,0.5553159389531919
S192_Q21.csv,0.5559495635660929
S192_Q13.csv,0.5565712013310782
S216_Q6.csv,0.5569250065021156
S204_Q13.csv,0.5572245791224307
S274_Q23.csv,0.5574963599114026
S25_Q10.csv,0.5579317659907251
S376_Q23.csv,0.5581444358622658
S194_Q9.csv,0.5588420037828032
S168_Q1.csv,0.5589807120588519
S349_Q13.csv,0.5595680208746445
S311_Q9.csv,0.5600549335971996
S125_Q14.csv,0.5602766897762751
S244_Q13.csv,0.5604797034124287
S277_Q18.csv,0.5606713521325942
S88_Q22.csv,0.5607902114332506
S198_Q16.csv,0.560860917977957
S358_Q4.csv,0.5616143807421716
S256_Q4.csv,0.562078509068924
S156_Q13.csv,0.5625807344791174
S338_Q1.csv,0.5627536842029217
S25_Q9.csv,0.5629283813091805
S2_Q20.csv,0.5635270022996635
S131_Q21.csv,0.5642594746286465
S7_Q1.csv,0.56450229313305
S338_Q11.csv,0.5648031066209334
S122_Q6.csv,0.56480872858555
S111_Q13.csv,0.5652850415867934
S334_Q4.csv,0.5654582424086048
S119_Q13.csv,0.566491445474143
S209_Q4.csv,0.5672236695372384
S257_Q11.csv,0.5672701002006879
S85_Q1.csv,0.5675110707299367
S295_Q6.csv,0.5678516444867641
S156_Q7.csv,0.5680924004337655
S284_Q47.csv,0.5684592043565362
S174_Q7.csv,0.5686821070254191
S202_Q15.csv,0.56894098053656
S277_Q1.csv,0.5692284753219483
S349_Q15.csv,0.569545788712026
S174_Q10.csv,0.5697749042893694
S117_Q21.csv,0.5701238939433677
S156_Q1.csv,0.5701530927310994
S349_Q4.csv,0.5702546955193057
S346_Q16.csv,0.5706238358529196
S124_Q23.csv,0.571483296516721
S350_Q2.csv,0.5717373381413656
S277_Q22.csv,0.5720857673156424
S192_Q20.csv,0.5724611262178823
S338_Q16.csv,0.5725331323387883
S1_Q16.csv,0.5741223336675523
S76_Q13.csv,0.5748554031824948
S274_Q2.csv,0.5755391333214552
S357_Q23.csv,0.5755580769095139
S85_Q47.csv,0.575823676793223
S85_Q23.csv,0.5760608486463189
S57_Q16.csv,0.5766284654644456
S124_Q16.csv,0.5777422515357885
S175_Q14.csv,0.5778867174289358
S30_Q23.csv,0.5784806145034107
S37_Q4.csv,0.5789723434845723
S311_Q13.csv,0.5790633200502837
S170_Q21.csv,0.5803173777919467
S131_Q2.csv,0.5804770201464029
S26_Q10.csv,0.5810659921039161
S350_Q47.csv,0.5811410580810865
S274_Q10.csv,0.5814040209858848
S37_Q18.csv,0.5816221882996964
S387_Q23.csv,0.5820321727988789
S122_Q9.csv,0.5829580561035794
S131_Q16.csv,0.583924059836737
S256_Q22.csv,0.5841213197486784
S371_Q2.csv,0.5845604721861173
S199_Q22.csv,0.5853341326983594
S256_Q10.csv,0.586012260627276
S257_Q22.csv,0.5861199313570389
S222_Q22.csv,0.5865083104716593
S200_Q23.csv,0.5869157244521338
S125_Q2.csv,0.586999419249029
S211_Q20.csv,0.5870933142549659
S245_Q2.csv,0.5872190853266965
S284_Q11.csv,0.5873278628618943
S371_Q15.csv,0.5875057113525937
S376_Q21.csv,0.5886388655500528
S175_Q22.csv,0.5896152127662919
S349_Q20.csv,0.5898816413172685
S9_Q14.csv,0.5899077538154207
S8_Q21.csv,0.5902796052023136
S193_Q11.csv,0.5907242791311791
S216_Q14.csv,0.591061484511735
S25_Q21.csv,0.5918603094650157
S198_Q4.csv,0.5925365334928743
S295_Q23.csv,0.5927878933815793
S175_Q13.csv,0.5930518454926781
S211_Q47.csv,0.593074775931593
S327_Q9.csv,0.5930888070809617
S241_Q15.csv,0.5931444126203655
S192_Q6.csv,0.5935585828724983
S77_Q10.csv,0.5938166780989131
S333_Q9.csv,0.5942396032298248
S245_Q1.csv,0.594662461807391
S110_Q20.csv,0.5946913766852361
S121_Q22.csv,0.5947003065438141
S193_Q20.csv,0.5948768752996774
S27_Q6.csv,0.5949905534781539
S170_Q6.csv,0.5950922213288494
S122_Q7.csv,0.595140642458313
S349_Q9.csv,0.5951752648327104
S278_Q20.csv,0.5962960466738678
S241_Q21.csv,0.5971972302087267
S209_Q9.csv,0.5972837583684633
S127_Q14.csv,0.5973709077812825
S256_Q15.csv,0.5978006221728518
S170_Q18.csv,0.597860285911656
S77_Q7.csv,0.597878540782204
S293_Q22.csv,0.5986056388593526
S346_Q14.csv,0.5988556743503128
S77_Q9.csv,0.5992096597304852
S244_Q1.csv,0.5994173199711323
S110_Q6.csv,0.5999489079420542
S277_Q23.csv,0.6002375109555239
S327_Q6.csv,0.6004735418945607
S118_Q20.csv,0.6005653893993836
S245_Q10.csv,0.6006155517157827
S124_Q1.csv,0.600669544933865
S88_Q47.csv,0.6007080338706043
S387_Q13.csv,0.6012347552092465
S121_Q47.csv,0.6013248521876496
S330_Q20.csv,0.6016457881199733
S91_Q10.csv,0.601676716138547
S175_Q1.csv,0.6025481495887788
S285_Q10.csv,0.6034441697362709
S171_Q11.csv,0.6038184333139344
S175_Q7.csv,0.6038970110237037
S147_Q10.csv,0.6039362398571919
S285_Q4.csv,0.6041526969415889
S166_Q21.csv,0.6046803097477716
S37_Q22.csv,0.6051636563695161
S132_Q22.csv,0.6055766621714098
S333_Q13.csv,0.6056807361261036
S110_Q23.csv,0.6057997885198841
S121_Q7.csv,0.6060772237419788
S88_Q13.csv,0.6061826206923169
S171_Q7.csv,0.6062595558043926
S171_Q6.csv,0.6072289385699349
S122_Q23.csv,0.6073685635158372
S111_Q10.csv,0.6073916911582226
S110_Q14.csv,0.6076764088319402
S110_Q2.csv,0.6076848452505548
S88_Q23.csv,0.6076959323460585
S61_Q18.csv,0.6080736775785474
S168_Q6.csv,0.6082150817035239
S376_Q15.csv,0.6084143452093214
S334_Q6.csv,0.6099220390418538
S333_Q11.csv,0.6099811903762271
S271_Q11.csv,0.6102137128533518
S245_Q13.csv,0.6109010312064315
S346_Q13.csv,0.6110762335006803
S274_Q1.csv,0.6114190146559217
S245_Q22.csv,0.611972736958821
S88_Q16.csv,0.6126626109126176
S25_Q14.csv,0.6138145481752597
S121_Q6.csv,0.6144751980564428
S376_Q22.csv,0.6144991384466979
S165_Q1.csv,0.6147340504310663
S216_Q20.csv,0.6151831813755877
S337_Q15.csv,0.6151986062910579
S132_Q14.csv,0.6156422211110443
S207_Q10.csv,0.6162363781724702
S221_Q15.csv,0.6165573245069582
S147_Q11.csv,0.6168747097300824
S349_Q23.csv,0.61690219062099
S57_Q6.csv,0.6176430321091877
S8_Q14.csv,0.618323374452606
S277_Q14.csv,0.6184057190332899
S132_Q7.csv,0.6187297408249958
S131_Q11.csv,0.6193526356623149
S127_Q6.csv,0.6202090330985718
S205_Q11.csv,0.6209613820358486
S338_Q23.csv,0.6215236190874434
S202_Q4.csv,0.6221915799167358
S285_Q6.csv,0.6224124468317367
S376_Q4.csv,0.6228880107000319
S274_Q11.csv,0.6229912470854937
S194_Q20.csv,0.6230502590906606
S337_Q20.csv,0.6231260980901826
S349_Q7.csv,0.6231539167456968
S257_Q14.csv,0.6231780272017259
S156_Q20.csv,0.6237213465933757
S54_Q23.csv,0.6237683602094616
S8_Q13.csv,0.6237986078729862
S354_Q23.csv,0.6238355353056724
S127_Q9.csv,0.6240814470493676
S175_Q2.csv,0.6256919766364422
S127_Q7.csv,0.6259140407645695
S85_Q10.csv,0.6265085243807674
S61_Q11.csv,0.6265286678088497
S193_Q47.csv,0.6268196578864442
S9_Q23.csv,0.6272469462111236
S257_Q10.csv,0.6273177591021551
S387_Q11.csv,0.6276203811492131
S334_Q15.csv,0.6278446926979501
S293_Q6.csv,0.6280913965296646
S216_Q13.csv,0.6284009932162408
S204_Q9.csv,0.6286696872514772
S371_Q1.csv,0.628979220128975
S162_Q9.csv,0.6292356943411798
S192_Q22.csv,0.6292425647221331
S215_Q15.csv,0.6296073176792738
S271_Q16.csv,0.6298102499736659
S209_Q21.csv,0.6301307708540322
S111_Q1.csv,0.6302322661130588
S125_Q23.csv,0.6304206874150522
S162_Q23.csv,0.6304950108118083
S119_Q22.csv,0.6305664628809602
S121_Q20.csv,0.6308128588906554
S241_Q1.csv,0.6310421619200988
S162_Q21.csv,0.6313635837149958
S277_Q13.csv,0.6317967285696583
S295_Q2.csv,0.6319996695481471
S202_Q47.csv,0.6325483840972164
S91_Q23.csv,0.6332523346774142
S202_Q14.csv,0.6333207085240082
S162_Q15.csv,0.6338637360942085
S256_Q20.csv,0.6341580610067318
S358_Q47.csv,0.6343436285776238
S162_Q6.csv,0.6349047238003207
S170_Q14.csv,0.6350827501788086
S9_Q7.csv,0.635180162988672
S110_Q21.csv,0.6353943278242802
S211_Q23.csv,0.6354627091997287
S198_Q10.csv,0.6355063725134489
S194_Q15.csv,0.6356110343828639
S76_Q20.csv,0.6357259760086293
S127_Q11.csv,0.6362001124524407
S274_Q4.csv,0.636324370491629
S349_Q1.csv,0.6364472345048653
S338_Q21.csv,0.636622234357612
S100_Q15.csv,0.6370767813269023
S117_Q1.csv,0.6372834058722456
S270_Q7.csv,0.6374426711721097
S358_Q7.csv,0.6377521579738434
S257_Q9.csv,0.6379390503114808
S159_Q13.csv,0.638192052169658
S162_Q7.csv,0.6384467250850614
S124_Q13.csv,0.6387887446538211
S338_Q14.csv,0.6388783905158588
S198_Q9.csv,0.6389395731557764
S245_Q11.csv,0.6392546569824253
S334_Q22.csv,0.6393929759021753
S127_Q10.csv,0.6394398952209309
S25_Q16.csv,0.6394850157333839
S311_Q14.csv,0.639789895651254
S222_Q15.csv,0.6398094995585488
S347_Q21.csv,0.6398515175987782
S88_Q9.csv,0.6405678668966759
S127_Q47.csv,0.6407463214146149
S204_Q1.csv,0.6409120178210049
S327_Q13.csv,0.6417018451000476
S202_Q7.csv,0.6429905637124785
S256_Q18.csv,0.6430326910589228
S207_Q14.csv,0.6434585860442676
S244_Q22.csv,0.6434940209717752
S274_Q14.csv,0.6435972141168145
S26_Q15.csv,0.6441625927565009
S184_Q10.csv,0.6442452684874607
S111_Q6.csv,0.6449977204548348
S192_Q9.csv,0.6453384581774932
S25_Q6.csv,0.645378174049617
S244_Q6.csv,0.6464300479737477
S121_Q15.csv,0.6469138062348104
S28_Q4.csv,0.647464215708423
S278_Q10.csv,0.6480683176448143
S245_Q18.csv,0.6483335195477895
S347_Q2.csv,0.6493568585623779
S124_Q14.csv,0.6499648609669236
S184_Q14.csv,0.6501466890610016
S184_Q1.csv,0.6505375252426291
S244_Q7.csv,0.6512792551651894
S37_Q20.csv,0.65169526957139
S194_Q13.csv,0.6517958610779655
S92_Q14.csv,0.6526382721734845
S2_Q13.csv,0.6527229663722144
S57_Q11.csv,0.6529688269318163
S257_Q20.csv,0.6539859078256494
S389_Q20.csv,0.6549199392294152
S166_Q15.csv,0.6551416100180054
S110_Q22.csv,0.6552037108763995
S184_Q9.csv,0.6554157134116774
S171_Q23.csv,0.6561174430318992
S111_Q21.csv,0.6564799755102513
S345_Q6.csv,0.6567374250334836
S274_Q20.csv,0.6575584581749856
S357_Q21.csv,0.6576002913676282
S29_Q23.csv,0.657634593290078
S270_Q2.csv,0.6578022063945759
S125_Q6.csv,0.6582302020092341
S198_Q11.csv,0.6591282405749826
S194_Q6.csv,0.6598162558068281
S110_Q15.csv,0.659845061922758
S192_Q7.csv,0.6599395392863086
S285_Q9.csv,0.6601078248495205
S184_Q13.csv,0.6602044715676825
S202_Q11.csv,0.6616149880408497
S100_Q18.csv,0.6623106367017186
S199_Q10.csv,0.6626399334959547
S147_Q20.csv,0.6629029515158449
S132_Q11.csv,0.6645643648669688
S199_Q6.csv,0.6649514792789702
S124_Q22.csv,0.6649624043114406
S376_Q16.csv,0.6650928944239989
S257_Q13.csv,0.6651516240200148
S348_Q47.csv,0.6654323143510252
S88_Q4.csv,0.6655940148057763
S125_Q11.csv,0.6657162465395458
S205_Q9.csv,0.6663819917125753
S244_Q10.csv,0.6665871986042713
S347_Q22.csv,0.6668477247361823
S7_Q11.csv,0.6675672483531088
S216_Q7.csv,0.6695232737166552
S237_Q2.csv,0.6700106484329101
S8_Q9.csv,0.6706430303778702
S358_Q22.csv,0.6713839074597007
S159_Q14.csv,0.6719938802242327
S371_Q20.csv,0.6720611055134023
S327_Q7.csv,0.6723056325560478
S122_Q11.csv,0.6725125114261581
S192_Q14.csv,0.6725623353911738
S371_Q21.csv,0.6726668785459611
S9_Q10.csv,0.6729222342154841
S337_Q22.csv,0.6729584261530126
S119_Q9.csv,0.6731734276957501
S293_Q21.csv,0.6733504304381024
S358_Q1.csv,0.6737353888059099
S345_Q11.csv,0.6741323880690153
S199_Q20.csv,0.6743902986932047
S124_Q11.csv,0.6747724451038293
S205_Q1.csv,0.6762079679194344
S327_Q14.csv,0.6770401745344694
S371_Q13.csv,0.6787084807035808
S293_Q14.csv,0.6793092962611404
S9_Q9.csv,0.6795178567398519
S222_Q23.csv,0.6799459483905661
S245_Q21.csv,0.680568984566577
S327_Q23.csv,0.6818476742781505
S168_Q16.csv,0.6823041919085502
S270_Q9.csv,0.6830276098748486
S174_Q18.csv,0.6831310952205705
S285_Q13.csv,0.6833892154399388
S348_Q2.csv,0.6834789989284275
S184_Q23.csv,0.68430377529812
S327_Q10.csv,0.6844231652994759
S207_Q13.csv,0.6863120308893288
S72_Q16.csv,0.6864945837305205
S88_Q15.csv,0.6866328530872864
S7_Q20.csv,0.6867703635285666
S193_Q9.csv,0.6868411540256252
S117_Q47.csv,0.6870912327275727
S197_Q2.csv,0.6886322539664755
S2_Q47.csv,0.6888008682871073
S347_Q4.csv,0.6890167316372873
S170_Q1.csv,0.689228180244997
S175_Q9.csv,0.6892450800803172
S197_Q21.csv,0.6896109048890612
S204_Q6.csv,0.6896262804910877
S278_Q23.csv,0.6896946494240057
S76_Q15.csv,0.690103930124395
S37_Q11.csv,0.6922202343134615
S168_Q14.csv,0.6924845780322442
S311_Q11.csv,0.6931673694329716
S198_Q14.csv,0.6943546617298579
S162_Q13.csv,0.694754402993218
S271_Q15.csv,0.6948545413200988
S221_Q20.csv,0.6959090102635249
S257_Q1.csv,0.6959248275792228
S202_Q13.csv,0.6961905942392582
S165_Q14.csv,0.6965026422207776
S345_Q23.csv,0.697034292334214
S337_Q18.csv,0.6972136058255914
S166_Q22.csv,0.6972969717364855
S215_Q23.csv,0.6974135303326452
S284_Q4.csv,0.697957609563459
S311_Q47.csv,0.6982772234353094
S257_Q23.csv,0.6984178289490511
S166_Q1.csv,0.6990070227503785
S285_Q14.csv,0.6993273318632829
S159_Q7.csv,0.6998993756736094
S237_Q9.csv,0.7007271750736952
S371_Q45.csv,0.7017918437307769
S346_Q18.csv,0.702136526818737
S376_Q2.csv,0.7022873883126548
S199_Q11.csv,0.7032176741285573
S345_Q20.csv,0.7035041900016896
S159_Q15.csv,0.7040404156920235
S198_Q23.csv,0.7041305294570411
S333_Q18.csv,0.7045774905982962
S222_Q14.csv,0.7047248461274498
S347_Q15.csv,0.7053315313444493
S257_Q2.csv,0.705438593671982
S166_Q14.csv,0.7060525193433129
S2_Q16.csv,0.7079806568981909
S257_Q6.csv,0.7084960399817868
S222_Q7.csv,0.7089139841337146
S389_Q21.csv,0.7090720567320465
S49_Q14.csv,0.7093600234948436
S347_Q11.csv,0.7095766293201304
S338_Q13.csv,0.7103458265456024
S111_Q9.csv,0.710832545393518
S58_Q1.csv,0.7112169461049126
S8_Q2.csv,0.7121422004993586
S86_Q4.csv,0.7122496259872002
S170_Q13.csv,0.7125015460908447
S117_Q16.csv,0.7125619476769366
S194_Q23.csv,0.7129889855589693
S88_Q1.csv,0.7134909193004837
S72_Q13.csv,0.7139633495808294
S241_Q6.csv,0.7144840341508701
S337_Q10.csv,0.7148560224595624
S168_Q9.csv,0.7155814333934942
S241_Q47.csv,0.7160062853323543
S216_Q2.csv,0.716399402193148
S8_Q1.csv,0.7165208790524327
S237_Q7.csv,0.7168013638833299
S37_Q10.csv,0.717332401954637
S121_Q10.csv,0.7175282270957933
S171_Q16.csv,0.7177139667613243
S204_Q10.csv,0.7186269782273866
S377_Q9.csv,0.7187010796865169
S337_Q9.csv,0.7188822951605178
S26_Q18.csv,0.7189844057243181
S72_Q11.csv,0.7196301967108112
S348_Q13.csv,0.7198163111668979
S57_Q10.csv,0.7201566925451033
S193_Q1.csv,0.7206032372598514
S25_Q7.csv,0.7209263562768435
S198_Q6.csv,0.7211787912847059
S257_Q4.csv,0.7222136070927991
S256_Q2.csv,0.7224255763568819
S202_Q16.csv,0.7251646634293479
S127_Q13.csv,0.7259788761968746
S347_Q20.csv,0.726466459738461
S358_Q16.csv,0.7266916827140837
S327_Q47.csv,0.7269083026234827
S216_Q4.csv,0.7277396432703227
S204_Q22.csv,0.72789400140444
S111_Q2.csv,0.727917975138131
S26_Q21.csv,0.7280562622082152
S199_Q7.csv,0.7283429895067348
S257_Q7.csv,0.7283430865239748
S345_Q21.csv,0.7284585616598722
S86_Q22.csv,0.7287862790135509
S156_Q2.csv,0.7295608968897691
S76_Q14.csv,0.7296813459876264
S245_Q16.csv,0.7300920930109107
S147_Q16.csv,0.7302792892566584
S166_Q7.csv,0.7309362235479027
S337_Q11.csv,0.7311535524039763
S199_Q23.csv,0.7311639584356915
S131_Q20.csv,0.7315490142083547
S37_Q23.csv,0.7322983016833235
S348_Q18.csv,0.73240653675362
S163_Q9.csv,0.7324224909954429
S57_Q14.csv,0.7325064995278101
S25_Q13.csv,0.7328808803559651
S100_Q21.csv,0.7330195423411451
S76_Q7.csv,0.7331842886318611
S198_Q47.csv,0.7332110318441492
S184_Q6.csv,0.7337249208570262
S327_Q18.csv,0.733756441910973
S376_Q9.csv,0.7349589136393154
S271_Q23.csv,0.7351684707975581
S1_Q18.csv,0.7352180095387473
S193_Q23.csv,0.7372317712277332
S110_Q13.csv,0.7374348404301075
S86_Q21.csv,0.7375508677608281
S348_Q1.csv,0.7395662080692005
S174_Q47.csv,0.7400295956580054
S207_Q11.csv,0.7421503865510765
S311_Q7.csv,0.7422847213115714
S334_Q23.csv,0.7422868019442084
S199_Q13.csv,0.7424933082806054
S285_Q47.csv,0.7432078137650127
S348_Q14.csv,0.7435522193787533
S193_Q14.csv,0.7435769515353472
S216_Q22.csv,0.7437551831929611
S76_Q21.csv,0.7440283266219683
S193_Q13.csv,0.7456393442729934
S348_Q22.csv,0.7459747464588775
S207_Q6.csv,0.7460687778656683
S204_Q7.csv,0.7466382024979824
S72_Q10.csv,0.747184690188328
S76_Q4.csv,0.7479622871356328
S237_Q22.csv,0.7489222615751301
S166_Q16.csv,0.7490278715287761
S159_Q9.csv,0.7502963268139632
S241_Q7.csv,0.7507263850290389
S29_Q14.csv,0.7510783406195228
S170_Q7.csv,0.7512800170343463
S86_Q18.csv,0.7516314701426847
S270_Q11.csv,0.7520308166989267
S202_Q2.csv,0.7523881145698968
S216_Q18.csv,0.7528845219496931
S72_Q9.csv,0.7535080657065536
S121_Q14.csv,0.7545429172147434
S371_Q47.csv,0.7545620144692862
S376_Q14.csv,0.7545748777874
S345_Q10.csv,0.7556484045833239
S194_Q22.csv,0.7556799834362447
S334_Q13.csv,0.7558318416343277
S354_Q13.csv,0.7559414268703879
S337_Q14.csv,0.756142766312754
S311_Q21.csv,0.7563677355609415
S72_Q23.csv,0.7564500689221949
S139_Q6.csv,0.7565855263509049
S72_Q7.csv,0.7572158848032559
S166_Q18.csv,0.7574595758923078
S256_Q6.csv,0.7575520196314072
S29_Q11.csv,0.7587730190577091
S29_Q15.csv,0.7590213942351761
S198_Q1.csv,0.7592073804621546
S317_Q18.csv,0.7593629970370577
S197_Q11.csv,0.7598703055988478
S171_Q2.csv,0.759881002423537
S86_Q6.csv,0.7612758795588794
S166_Q2.csv,0.7618292067757926
S198_Q2.csv,0.761914820785455
S110_Q10.csv,0.7620646624049732
S241_Q22.csv,0.7625783449621366
S271_Q13.csv,0.7628474058724146
S159_Q47.csv,0.7630770578527772
S2_Q14.csv,0.7632912984401544
S49_Q13.csv,0.7634426038138439
S338_Q2.csv,0.7636102532384199
S202_Q23.csv,0.7637051847063829
S168_Q11.csv,0.7638514303412078
S200_Q13.csv,0.7644070501018279
S348_Q7.csv,0.7661825353677842
S86_Q47.csv,0.7668906388993482
S49_Q11.csv,0.767024158385306
S241_Q2.csv,0.7671499482115984
S199_Q4.csv,0.7675742244683598
S171_Q14.csv,0.7680438237134607
S88_Q14.csv,0.7680549714082014
S184_Q7.csv,0.7697873376668098
S237_Q16.csv,0.7701333349613497
S350_Q9.csv,0.7716217840894171
S198_Q13.csv,0.7722087158572398
S241_Q13.csv,0.7724834239573224
S196_Q10.csv,0.7735944289266463
S196_Q14.csv,0.7742303901471492
S345_Q13.csv,0.7745826584866898
S170_Q15.csv,0.7750593433825979
S86_Q15.csv,0.7753947938360617
S170_Q9.csv,0.7755653887444901
S376_Q6.csv,0.7763304380390617
S347_Q14.csv,0.7763801970038702
S121_Q13.csv,0.7768339142240506
S256_Q47.csv,0.7771949433874212
S110_Q9.csv,0.7772561544037239
S8_Q23.csv,0.7773729683328021
S200_Q9.csv,0.7778069288598715
S59_Q11.csv,0.7779509741710132
S270_Q18.csv,0.7783231770937531
S285_Q2.csv,0.7784460253133938
S117_Q9.csv,0.7788504517503752
S171_Q9.csv,0.7794459766389324
S346_Q9.csv,0.7801124640810865
S175_Q23.csv,0.7802606721849483
S284_Q23.csv,0.7806027478632438
S274_Q6.csv,0.7808004587653818
S376_Q11.csv,0.7815772577152246
S37_Q14.csv,0.7820251378051746
S125_Q7.csv,0.7822708518267592
S159_Q18.csv,0.7830287096570124
S166_Q47.csv,0.7835519275300484
S199_Q9.csv,0.7837418235494356
S8_Q22.csv,0.7840317033998322
S86_Q1.csv,0.7840631532350727
S121_Q4.csv,0.7840758754756133
S295_Q9.csv,0.7847559154685892
S193_Q10.csv,0.7851409758649772
S86_Q11.csv,0.7852944133249651
S7_Q14.csv,0.7853529504511236
S166_Q13.csv,0.7864103639866923
S125_Q20.csv,0.786451114440784
S124_Q10.csv,0.7868049788201241
S256_Q11.csv,0.7871350989068455
S241_Q14.csv,0.7876286051297678
S122_Q13.csv,0.7887296748065442
S241_Q20.csv,0.7892038827455925
S100_Q45.csv,0.7892904488317708
S347_Q47.csv,0.7896815052797306
S245_Q23.csv,0.7901074430021651
S199_Q14.csv,0.7905351604384707
S171_Q47.csv,0.7906474968056338
S72_Q47.csv,0.7913297105324328
S196_Q6.csv,0.7913628221495208
S348_Q4.csv,0.7932771681453502
S72_Q14.csv,0.7933591729441533
S348_Q15.csv,0.7935814247704378
S61_Q13.csv,0.7938873297220779
S85_Q18.csv,0.794261152122091
S347_Q16.csv,0.795980703474417
S125_Q1.csv,0.796941533994958
S199_Q1.csv,0.7970960501070133
S278_Q7.csv,0.797117082819704
S196_Q1.csv,0.7972025237223334
S295_Q7.csv,0.7972117879263281
S284_Q13.csv,0.7982007523209811
S337_Q13.csv,0.7987514657474915
S26_Q16.csv,0.7988589109934491
S389_Q18.csv,0.7994696160309476
S293_Q13.csv,0.7996605632838639
S200_Q15.csv,0.7996672835015718
S221_Q4.csv,0.8011327137767154
S296_Q4.csv,0.8011439093998076
S389_Q22.csv,0.8019843502639215
S241_Q18.csv,0.802914774087238
S358_Q10.csv,0.8037161821844767
S166_Q20.csv,0.8039977036784158
S124_Q7.csv,0.8040608314395075
S29_Q13.csv,0.8044310169855636
S92_Q18.csv,0.8047419155830122
S200_Q22.csv,0.8051001023702784
S293_Q7.csv,0.805670358026684
S193_Q2.csv,0.8057282270080344
S333_Q47.csv,0.8062269026456272
S244_Q20.csv,0.806242230378587
S394_Q47.csv,0.8065124096126266
S29_Q20.csv,0.8067623767396895
S170_Q22.csv,0.8069721223726636
S293_Q11.csv,0.8078986040563236
S165_Q9.csv,0.8079417237411688
S348_Q6.csv,0.8082583095225592
S117_Q2.csv,0.8084122443214267
S196_Q20.csv,0.8094028186027069
S171_Q22.csv,0.8104402828434951
S131_Q15.csv,0.8104796701567212
S196_Q47.csv,0.8106215297153109
S110_Q11.csv,0.810744197195751
S348_Q16.csv,0.8111594964315965
S86_Q16.csv,0.8111964092637218
S165_Q7.csv,0.811298453731431
S37_Q16.csv,0.8116245459586225
S61_Q4.csv,0.8118107078120793
S110_Q7.csv,0.8136212604653376
S119_Q6.csv,0.8138221025472945
S196_Q9.csv,0.8142082707296838
S285_Q23.csv,0.8149637427727088
S125_Q22.csv,0.8154139555714537
S159_Q20.csv,0.8161793869858163
S333_Q22.csv,0.8164996070514425
S29_Q10.csv,0.8166899164922324
S348_Q20.csv,0.816714931158395
S196_Q15.csv,0.8167807315118825
S29_Q22.csv,0.8173274413110384
S204_Q47.csv,0.8173733658009236
S371_Q10.csv,0.817926027869845
S26_Q9.csv,0.8182279659303202
S131_Q18.csv,0.8182429948791929
S245_Q6.csv,0.8185462510438531
S171_Q1.csv,0.8186655543335978
S111_Q47.csv,0.8188705904116673
S59_Q23.csv,0.8231114983680918
S72_Q21.csv,0.8231194006875485
S391_Q21.csv,0.8235405436015967
S347_Q6.csv,0.8242873068382586
S204_Q23.csv,0.8246776693893945
S371_Q11.csv,0.8249615159044263
S376_Q20.csv,0.8251983573369382
S125_Q10.csv,0.8252705021812508
S72_Q6.csv,0.8255836479919408
S85_Q4.csv,0.8263040801685602
S394_Q21.csv,0.8281248230088782
S198_Q7.csv,0.8286109386716862
S117_Q13.csv,0.8287204549206629
S348_Q21.csv,0.8294860578434256
S26_Q14.csv,0.8295245436713199
S270_Q23.csv,0.8297501664103049
S245_Q47.csv,0.8307405490750039
S358_Q20.csv,0.8308617973117315
S196_Q21.csv,0.8312304995342967
S206_Q18.csv,0.8313985148897165
S284_Q21.csv,0.8319541892675625
S166_Q10.csv,0.8320040605052386
S27_Q10.csv,0.8322184048008643
S207_Q4.csv,0.8332028439715736
S166_Q11.csv,0.8338044098516288
S413_Q9.csv,0.8351419756560445
S207_Q16.csv,0.8356340519394385
S37_Q7.csv,0.8363994434581316
S26_Q4.csv,0.8364041093072059
S196_Q7.csv,0.8365706571215472
S92_Q1.csv,0.8366214710842721
S117_Q7.csv,0.8375675655862483
S278_Q6.csv,0.8380651090309768
S358_Q23.csv,0.8391114768329558
S311_Q1.csv,0.840733271014581
S111_Q7.csv,0.8413050406863068
S348_Q23.csv,0.8437140624647947
S337_Q47.csv,0.8439173795943912
S347_Q13.csv,0.8451619340319917
S111_Q18.csv,0.8458167009828338
S221_Q2.csv,0.8491526875883014
S159_Q6.csv,0.8498130440057726
S387_Q6.csv,0.8510911685077819
S348_Q10.csv,0.8520236666551745
S166_Q6.csv,0.8520496067320121
S387_Q7.csv,0.8527479493947715
S86_Q23.csv,0.8532046065338352
S207_Q47.csv,0.8536615497809993
S333_Q1.csv,0.8539013502740473
S334_Q11.csv,0.8544622843313838
S77_Q13.csv,0.8548473980333107
S124_Q47.csv,0.8558212448465958
S26_Q13.csv,0.8560941685056004
S207_Q23.csv,0.8598803089728011
S347_Q9.csv,0.8607820261643594
S76_Q2.csv,0.8617161857287372
S285_Q22.csv,0.8630995316727601
S193_Q7.csv,0.8640655207778374
S389_Q1.csv,0.8650304410806218
S348_Q11.csv,0.8657723090967008
S221_Q47.csv,0.8658237007416226
S159_Q1.csv,0.8665777855598602
S206_Q13.csv,0.8666309134126053
S49_Q21.csv,0.867538094693173
S159_Q2.csv,0.867782448546202
S202_Q10.csv,0.8681738397425176
S196_Q22.csv,0.8683728192649477
S330_Q18.csv,0.868508061792864
S169_Q47.csv,0.8688668309640639
S196_Q16.csv,0.8693372539468422
S72_Q15.csv,0.8696041110972537
S159_Q23.csv,0.869675526046739
S347_Q23.csv,0.8699707712015091
S333_Q16.csv,0.8703461927093992
S347_Q1.csv,0.8706012246670022
S121_Q1.csv,0.8707962607072646
S27_Q23.csv,0.8709653349291357
S311_Q23.csv,0.8710902590510057
S181_Q10.csv,0.8712681831590472
S293_Q16.csv,0.871479967533891
S256_Q9.csv,0.8728721561075747
S274_Q7.csv,0.8729149616380885
S86_Q14.csv,0.872939798059569
S337_Q1.csv,0.8737274646226578
S86_Q10.csv,0.8740238977719285
S165_Q6.csv,0.8748409453172012
S333_Q23.csv,0.8791654838548761
S338_Q7.csv,0.879647976668552
S77_Q1.csv,0.8800678882344108
S181_Q9.csv,0.8801077947209426
S241_Q16.csv,0.8802998458884175
S181_Q47.csv,0.8811914425090178
S196_Q18.csv,0.8815109050614647
S76_Q9.csv,0.8825540048915073
S171_Q13.csv,0.8828180214843249
S166_Q23.csv,0.8838130827305511
S347_Q18.csv,0.8839620415783622
S196_Q13.csv,0.8844123494598147
S371_Q16.csv,0.885388711128807
S311_Q18.csv,0.8859183706354115
S394_Q14.csv,0.8863082552159959
S27_Q14.csv,0.886437501372637
S349_Q2.csv,0.8866543820754473
S350_Q22.csv,0.8868142111541778
S337_Q16.csv,0.887709266124362
S345_Q47.csv,0.8887795958770077
S293_Q9.csv,0.8887836133093269
S256_Q14.csv,0.888923654213138
S196_Q23.csv,0.8903055250767778
S88_Q2.csv,0.8923567361098765
S168_Q23.csv,0.894483309948969
S159_Q10.csv,0.9007148649753023
S199_Q2.csv,0.9013136643013024
S169_Q9.csv,0.9020820701848042
S388_Q18.csv,0.9022536119176126
S350_Q14.csv,0.9034325035478257
S388_Q21.csv,0.9051902338739588
S284_Q6.csv,0.9056003829187744
S256_Q23.csv,0.906199175445217
S284_Q16.csv,0.9069229558942511
S271_Q7.csv,0.9069269406487677
S117_Q4.csv,0.9069416464796622
S410_Q4.csv,0.9070681825889705
S29_Q47.csv,0.9071191004280664
S91_Q13.csv,0.9072571873832841
S394_Q1.csv,0.9076314204158153
S413_Q2.csv,0.9080924542115358
S295_Q14.csv,0.9083490148582958
S387_Q1.csv,0.9085883116950443
S162_Q18.csv,0.9087927270555367
S394_Q23.csv,0.908806575056729
S347_Q10.csv,0.9096757007768599
S169_Q2.csv,0.9109470189006863
S387_Q2.csv,0.9110551788897446
S387_Q4.csv,0.9112807377057462
S207_Q20.csv,0.9123850360489478
S410_Q1.csv,0.9130064927341097
S221_Q16.csv,0.9134581479621334
S91_Q14.csv,0.9141891363627468
S295_Q16.csv,0.9145680485917689
S77_Q6.csv,0.9162838414416656
S296_Q47.csv,0.9183002470532862
S270_Q13.csv,0.9188850169415341
S241_Q9.csv,0.9189238220134219
S347_Q7.csv,0.9192184149557828
S330_Q23.csv,0.9206095121050226
S358_Q14.csv,0.9211328508376064
S389_Q45.csv,0.9213852221427177
S183_Q13.csv,0.9223062243556612
S197_Q9.csv,0.9234742829569911
S72_Q20.csv,0.9248644066316895
S61_Q6.csv,0.9250964024599143
S1_Q2.csv,0.9256230281740425
S389_Q15.csv,0.9257715884135482
S86_Q20.csv,0.926427052751778
S275_Q23.csv,0.9269266681326449
S86_Q13.csv,0.9270958737283734
S410_Q15.csv,0.9280457516034866
S284_Q18.csv,0.9287502186382928
S37_Q13.csv,0.9300048416389719
S207_Q7.csv,0.9308257153979707
S284_Q10.csv,0.935897129355338
S410_Q2.csv,0.9374505117232568
S91_Q18.csv,0.9375730768384116
S49_Q18.csv,0.9377086997186694
S37_Q9.csv,0.9378396913280355
S7_Q16.csv,0.938543662880974
S284_Q20.csv,0.9398578086599769
S271_Q21.csv,0.9414470040896403
S206_Q20.csv,0.9426834444252825
S345_Q22.csv,0.9436498723493809
S246_Q6.csv,0.9463303093638268
S88_Q6.csv,0.9472450995820783
S348_Q9.csv,0.9473560088115234
S394_Q16.csv,0.9481951605724469
S333_Q10.csv,0.9523081707019834
S26_Q6.csv,0.9530038535386813
S284_Q22.csv,0.9539873982911774
S327_Q11.csv,0.95400332916059
S237_Q14.csv,0.9544568228335959
S221_Q23.csv,0.9549370000565323
S76_Q18.csv,0.9557250946967897
S244_Q14.csv,0.9576972711787104
S183_Q20.csv,0.9578248466123904
S76_Q10.csv,0.9582448939222203
S296_Q9.csv,0.9600135198107917
S37_Q6.csv,0.960226654635234
S350_Q11.csv,0.9605324721220077
S293_Q4.csv,0.960754578787482
S413_Q1.csv,0.9613327381633114
S9_Q4.csv,0.9633054310009936
S169_Q1.csv,0.9633287737583243
S241_Q10.csv,0.9645982998297005
S197_Q4.csv,0.9662963220229833
S61_Q21.csv,0.9684000519836888
S89_Q11.csv,0.9703174962488259
S88_Q10.csv,0.9703421779436621
S8_Q7.csv,0.9706012999028464
S61_Q47.csv,0.9734656246624155
S7_Q4.csv,0.9751382329591385
S296_Q7.csv,0.9762105796681531
S371_Q18.csv,0.9763887599057899
S165_Q11.csv,0.980831675681113
S413_Q4.csv,0.980933726330834
S337_Q21.csv,0.9816755886545621
S206_Q9.csv,0.9816791734631384
S337_Q6.csv,0.9829990133477461
S197_Q7.csv,0.9851406715123254
S206_Q10.csv,0.9861509848414935
S410_Q20.csv,0.986766100139755
S76_Q47.csv,0.9875435581329661
S9_Q1.csv,0.9883089521108295
S326_Q9.csv,0.9883538176513822
S221_Q7.csv,0.9898170552174512
S183_Q22.csv,0.9899846014585421
S169_Q21.csv,0.990221722596456
S58_Q4.csv,0.9914991538441764
S131_Q14.csv,0.9918457230196029
S388_Q15.csv,0.9932453254650537
S256_Q13.csv,0.9938077424616596
S37_Q2.csv,0.9939982480305575
S387_Q10.csv,0.9951195940882595
S183_Q7.csv,0.9954361469550479
S221_Q22.csv,0.9964214117088468
S197_Q10.csv,0.9967052773967395
S169_Q18.csv,0.9975409293813011
S100_Q11.csv,0.9986348129574684
S169_Q16.csv,0.999819213788031
S159_Q22.csv,1.0006445290964967
S6_Q20.csv,1.0062710397158154
S387_Q16.csv,1.00674250483994
S169_Q22.csv,1.0069244823667503
S181_Q7.csv,1.0076227025971023
S333_Q7.csv,1.0076525806817673
S88_Q7.csv,1.0087142594718792
S169_Q6.csv,1.0098434089343427
S389_Q7.csv,1.0143270208940722
S413_Q7.csv,1.0187027153133539
S388_Q45.csv,1.0193605162350734
S111_Q16.csv,1.0196497166536889
S350_Q1.csv,1.0199849994679413
S284_Q9.csv,1.0204849704438093
S169_Q10.csv,1.0218675533496273
S338_Q4.csv,1.0237884874055267
S206_Q6.csv,1.0248148990811148
S221_Q21.csv,1.0255883798751155
S221_Q13.csv,1.0302040789936322
S394_Q20.csv,1.0313944307143936
S159_Q11.csv,1.032125636517899
S413_Q10.csv,1.0326581858663317
S181_Q14.csv,1.0341309613938117
S389_Q6.csv,1.0371776658547294
S237_Q23.csv,1.040754463241505
S410_Q22.csv,1.0426873093013387
S388_Q47.csv,1.0449179706729526
S183_Q15.csv,1.044928907233692
S165_Q2.csv,1.0450044177434736
S197_Q6.csv,1.045456434857176
S391_Q23.csv,1.0462428316606327
S100_Q13.csv,1.0465091404653104
S197_Q16.csv,1.0466796351754157
S391_Q22.csv,1.0480059309179417
S394_Q11.csv,1.048096507530214
S91_Q20.csv,1.0481350863354701
S354_Q14.csv,1.0485810096203432
S284_Q2.csv,1.0488353228623124
S197_Q14.csv,1.0501518280903832
S345_Q15.csv,1.0508896060879243
S100_Q2.csv,1.0514252104141737
S7_Q23.csv,1.0535968261088533
S389_Q16.csv,1.0550573539416126
S294_Q11.csv,1.0552279847274515
S413_Q6.csv,1.0554173098246213
S76_Q6.csv,1.0559336337203211
S6_Q14.csv,1.0583378602181899
S131_Q4.csv,1.0588995441636975
S350_Q16.csv,1.0594122955674652
S389_Q23.csv,1.060176312876805
S183_Q1.csv,1.062387164146864
S169_Q4.csv,1.0643986819913844
S6_Q2.csv,1.0690863077537602
S358_Q13.csv,1.0724840726907345
S183_Q21.csv,1.0746000105904399
S338_Q10.csv,1.0771837096003498
S413_Q21.csv,1.0798039719752675
S388_Q11.csv,1.0805901870061532
S413_Q47.csv,1.080760109383362
S7_Q18.csv,1.0816517809383257
S391_Q18.csv,1.0825724822231408
S183_Q47.csv,1.0830720233780657
S221_Q11.csv,1.086486087979224
S413_Q45.csv,1.086602822342296
S330_Q21.csv,1.0871034592435205
S241_Q23.csv,1.0877745796729676
S244_Q4.csv,1.092240336573515
S358_Q6.csv,1.0923059304574392
S100_Q14.csv,1.09384049181737
S91_Q47.csv,1.0939920242547014
S169_Q11.csv,1.0949606816894923
S285_Q21.csv,1.0957899509957123
S76_Q11.csv,1.0963680208237285
S6_Q9.csv,1.1003929747401757
S169_Q23.csv,1.1004484634118343
S49_Q22.csv,1.1009081453443104
S156_Q22.csv,1.1013059367054132
S296_Q10.csv,1.1019457078832693
S170_Q2.csv,1.102662463221199
S159_Q4.csv,1.1029041728421474
S388_Q16.csv,1.1035625892535579
S410_Q45.csv,1.1042671559797412
S377_Q23.csv,1.1042898399969745
S410_Q7.csv,1.1051041265933845
S280_Q7.csv,1.1056505840005606
S410_Q47.csv,1.1062469575971896
S296_Q23.csv,1.1071368845376668
S394_Q22.csv,1.110089782373942
S202_Q1.csv,1.1104436792293488
S131_Q6.csv,1.1132047120740323
S410_Q18.csv,1.1139096904281756
S389_Q2.csv,1.1214962697881754
S256_Q7.csv,1.1231539906175891
S271_Q22.csv,1.1270454760389614
S388_Q22.csv,1.127790732240988
S296_Q22.csv,1.1295953861798482
S221_Q1.csv,1.1325240194261998
S310_Q2.csv,1.1326773352426103
S389_Q14.csv,1.1340837302570255
S49_Q23.csv,1.1343257954277508
S7_Q15.csv,1.1423973836859085
S221_Q6.csv,1.142670202245926
S181_Q6.csv,1.1435628449519004
S413_Q15.csv,1.1444464157415413
S410_Q16.csv,1.144797509154757
S49_Q6.csv,1.1451677675357503
S350_Q6.csv,1.1472487450408488
S183_Q2.csv,1.1476194052401558
S410_Q9.csv,1.1486774281477778
S221_Q10.csv,1.149156138139908
S338_Q18.csv,1.1517426537549098
S410_Q13.csv,1.1518379319803715
S7_Q21.csv,1.1532180912222711
S293_Q15.csv,1.1534685262015567
S72_Q4.csv,1.1560341371985725
S330_Q14.csv,1.1564537947862776
S388_Q23.csv,1.15737380506662
S7_Q10.csv,1.1582409418345845
S413_Q14.csv,1.1585579600818756
S284_Q7.csv,1.1591057349268141
S181_Q23.csv,1.1592066443842584
S72_Q18.csv,1.1598453796748012
S393_Q2.csv,1.162623238389346
S413_Q22.csv,1.1638232361899634
S183_Q23.csv,1.163874287792172
S147_Q22.csv,1.1647594958678738
S388_Q13.csv,1.1767097864330383
S410_Q14.csv,1.1789987814852387
S354_Q16.csv,1.180488232924672
S389_Q11.csv,1.1812375648349278
S333_Q14.csv,1.1832346602958235
S221_Q14.csv,1.1842344690255198
S131_Q47.csv,1.1862841987867148
S244_Q11.csv,1.186498473034358
S100_Q1.csv,1.1876128045102388
S376_Q13.csv,1.1886034763477098
S181_Q22.csv,1.1935597710114214
S387_Q22.csv,1.1938657868728166
S387_Q18.csv,1.1968215089514904
S91_Q6.csv,1.197208093616204
S181_Q1.csv,1.1980907405971841
S296_Q16.csv,1.2026915774711138
S391_Q16.csv,1.2044359480668823
S388_Q9.csv,1.2073377028646926
S388_Q4.csv,1.2090211983129184
S388_Q14.csv,1.2163547244102444
S181_Q4.csv,1.21694320863386
S391_Q14.csv,1.2203287875205304
S181_Q18.csv,1.2212447820449417
S391_Q11.csv,1.2231116820814765
S49_Q4.csv,1.2254288353096108
S391_Q9.csv,1.2263814037882907
S181_Q11.csv,1.2313899042016732
S244_Q23.csv,1.2376529469023172
S387_Q9.csv,1.2408730270419195
S183_Q14.csv,1.2409073114242755
S389_Q13.csv,1.2415135914822988
S333_Q4.csv,1.2429604601404485
S387_Q45.csv,1.247297292978635
S100_Q7.csv,1.2481554143614377
S413_Q16.csv,1.249311529052202
S388_Q6.csv,1.2510040313899746
S389_Q9.csv,1.2541723825210755
S388_Q10.csv,1.2556337357353697
S131_Q10.csv,1.2559572923999056
S92_Q15.csv,1.258654351778128
S388_Q7.csv,1.259105836950441
S413_Q18.csv,1.260880761916892
S358_Q15.csv,1.2690801842031743
S391_Q20.csv,1.2722719657493855
S410_Q23.csv,1.2753503955911478
S293_Q20.csv,1.2763902580385162
S183_Q4.csv,1.2803881435862206
S387_Q47.csv,1.281919472733586
S310_Q9.csv,1.282901976251852
S7_Q7.csv,1.2829561975641113
S52_Q1.csv,1.288973825637986
S413_Q13.csv,1.2891843628878186
S413_Q11.csv,1.2926669546152665
S147_Q4.csv,1.293064112885387
S388_Q1.csv,1.294137778386314
S394_Q2.csv,1.3008539311671279
S100_Q16.csv,1.301006751856972
S391_Q7.csv,1.3014825977407016
S100_Q20.csv,1.302055047915117
S413_Q20.csv,1.3030424923616777
S388_Q2.csv,1.3044660179792598
S387_Q20.csv,1.3053438839796705
S296_Q21.csv,1.3076912768377267
S7_Q13.csv,1.309921315973665
S358_Q11.csv,1.3103497303305305
S391_Q47.csv,1.3120193612764304
S139_Q7.csv,1.3145712892506503
S91_Q21.csv,1.314691345849044
S391_Q45.csv,1.3187687429386448
S100_Q10.csv,1.3216989273140125
S295_Q18.csv,1.3238106636015328
S413_Q23.csv,1.3258236852625114
S358_Q18.csv,1.3275782329011288
S338_Q9.csv,1.332751611992291
S358_Q21.csv,1.3344269875022776
S159_Q21.csv,1.3352320846720482
S322_Q1.csv,1.3361868215273376
S322_Q10.csv,1.3361868215273376
S322_Q18.csv,1.3361868215273376
S322_Q9.csv,1.3361868215273376
S322_Q11.csv,1.3361868215273376
S322_Q4.csv,1.3361868215273376
S322_Q13.csv,1.3382581722807514
S391_Q2.csv,1.3457157707181953
S169_Q20.csv,1.3486571075340192
S296_Q6.csv,1.3518829579536522
S49_Q10.csv,1.3522470418406156
S181_Q13.csv,1.3540270486620178
S326_Q13.csv,1.356957316737455
S221_Q18.csv,1.3598713474875697
S387_Q14.csv,1.3614827395008477
S181_Q16.csv,1.3660055330588818
S183_Q11.csv,1.3665822240661654
S263_Q21.csv,1.3671344286044917
S169_Q14.csv,1.371098104160827
S389_Q47.csv,1.3713631506146966
S183_Q10.csv,1.3719924505371568
S271_Q10.csv,1.374436125640384
S410_Q10.csv,1.374782326951179
S391_Q13.csv,1.374808041030649
S394_Q15.csv,1.381099450788482
S263_Q2.csv,1.393895794122347
S388_Q20.csv,1.3946756626973917
S72_Q22.csv,1.3950858182964032
S183_Q18.csv,1.401321919246983
S389_Q4.csv,1.401843913860971
S410_Q21.csv,1.4029332990681471
S410_Q11.csv,1.4125484011846872
S357_Q16.csv,1.4128354174133304
S291_Q11.csv,1.4189715512923722
S291_Q22.csv,1.4189715512923722
S291_Q18.csv,1.4278094713416096
S291_Q20.csv,1.4313085362298335
S92_Q13.csv,1.435223948887898
S92_Q16.csv,1.436714734503179
S291_Q15.csv,1.437806724549775
S296_Q18.csv,1.438411552628536
S206_Q22.csv,1.4391149841903896
S291_Q16.csv,1.4408139309396124
S357_Q18.csv,1.4417323837811782
S49_Q16.csv,1.4427131819535912
S311_Q10.csv,1.4433234101385692
S117_Q14.csv,1.4466470613516407
S293_Q1.csv,1.4475382858081147
S357_Q7.csv,1.450079906656553
S285_Q1.csv,1.452254584080447
S131_Q23.csv,1.4537988652145133
S341_Q15.csv,1.4543776853713182
S311_Q16.csv,1.456255592326095
S393_Q45.csv,1.4576332309953748
S393_Q21.csv,1.4619444223768385
S345_Q16.csv,1.4635201017858055
S225_Q14.csv,1.4644709017678668
S356_Q20.csv,1.4665687145429493
S271_Q9.csv,1.467282377446404
S293_Q2.csv,1.472987863262147
S131_Q9.csv,1.473549749372661
S291_Q23.csv,1.4735722658118204
S291_Q13.csv,1.477749480162291
S296_Q14.csv,1.4782010686985916
S345_Q1.csv,1.4794857982026937
S181_Q20.csv,1.4872064360597133
S131_Q7.csv,1.487457149935068
S169_Q15.csv,1.4899560045021971
S86_Q9.csv,1.4907215546073216
S391_Q15.csv,1.4983971098921647
S8_Q18.csv,1.5005060872812783
S270_Q1.csv,1.503795206661905
S291_Q6.csv,1.5048133825513577
S293_Q10.csv,1.5057737425063626
S391_Q6.csv,1.5059812800718553
S291_Q9.csv,1.5063261105403778
S365_Q18.csv,1.511436801435062
S76_Q22.csv,1.511670291012
S181_Q2.csv,1.515576987660325
S291_Q14.csv,1.516976663010364
S221_Q9.csv,1.5170862132819223
S291_Q4.csv,1.5177064639532305
S393_Q18.csv,1.532222607741339
S7_Q47.csv,1.5342768662679513
S27_Q11.csv,1.5381351229685134
S345_Q9.csv,1.5396694729486793
S296_Q20.csv,1.5448172980301211
S357_Q1.csv,1.544981957721701
S237_Q6.csv,1.5502520981588375
S89_Q21.csv,1.551259217774673
S322_Q21.csv,1.5515440789000523
S291_Q7.csv,1.552005650617713
S357_Q20.csv,1.553568318868374
S147_Q7.csv,1.5543253700001396
S271_Q14.csv,1.5578815763723732
S209_Q2.csv,1.5583885717080816
S296_Q15.csv,1.5600766846041323
S393_Q47.csv,1.5672130679302712
S92_Q2.csv,1.5693826480858972
S291_Q10.csv,1.570273930505425
S433_Q2.csv,1.5703598828935736
S360_Q6.csv,1.5720573203587627
S241_Q11.csv,1.5740812005368785
S92_Q4.csv,1.5764426332081485
S391_Q4.csv,1.5776032107122768
S183_Q16.csv,1.580120546838502
S291_Q1.csv,1.580545167378098
S291_Q47.csv,1.5805663603221656
S27_Q18.csv,1.589932932022747
S357_Q4.csv,1.5925032089915285
S336_Q10.csv,1.5928222717010811
S336_Q16.csv,1.5928222717010811
S433_Q18.csv,1.5931799280704626
S131_Q22.csv,1.593478918566328
S330_Q15.csv,1.6041145510140562
S49_Q1.csv,1.6088086214023922
S357_Q13.csv,1.6110504444276117
S296_Q11.csv,1.6202729314832593
S336_Q18.csv,1.6209024963558147
S357_Q6.csv,1.6240770818918568
S326_Q7.csv,1.624094934527975
S336_Q7.csv,1.627076566811113
S410_Q6.csv,1.6359620115599198
S294_Q22.csv,1.6365780104870309
S294_Q15.csv,1.6365780104870309
S147_Q6.csv,1.6370932303916312
S337_Q4.csv,1.638912163828561
S285_Q20.csv,1.6400245172039059
S209_Q7.csv,1.640626444626197
S357_Q14.csv,1.643105915632986
S322_Q20.csv,1.6496855742392036
S336_Q15.csv,1.6548831813771634
S294_Q47.csv,1.6555414956791
S237_Q4.csv,1.6559728217362708
S433_Q13.csv,1.6565875886787114
S156_Q11.csv,1.6579912808911157
S27_Q1.csv,1.658016140495535
S357_Q22.csv,1.6639029688473237
S294_Q21.csv,1.6651936435250965
S294_Q18.csv,1.6652543115946226
S183_Q6.csv,1.6671110364289934
S27_Q22.csv,1.6783040668679712
S322_Q6.csv,1.6803921354422198
S27_Q13.csv,1.6817164256587154
S357_Q2.csv,1.6849726456265224
S357_Q10.csv,1.6882175496451959
S394_Q13.csv,1.6918157768318958
S296_Q2.csv,1.699332310925332
S246_Q15.csv,1.7039170668867092
S293_Q23.csv,1.704879482879417
S291_Q21.csv,1.7110623737735589
S263_Q47.csv,1.7114833649295604
S337_Q7.csv,1.7139259909692282
S391_Q10.csv,1.716255980334367
S357_Q47.csv,1.723667828852271
S294_Q4.csv,1.725131618959027
S294_Q20.csv,1.726983567112145
S238_Q10.csv,1.7326297562515536
S285_Q7.csv,1.7380456735545486
S89_Q16.csv,1.7383043331649937
S376_Q45.csv,1.7439008527723816
S280_Q20.csv,1.7512380492872666
S222_Q18.csv,1.7525299210735539
S322_Q23.csv,1.7544809677818984
S246_Q10.csv,1.7596567923900759
S322_Q15.csv,1.762082795006384
S49_Q15.csv,1.7643371594510109
S337_Q23.csv,1.764991686177926
S158_Q1.csv,1.7770820059789432
S337_Q2.csv,1.7795647785757742
S285_Q11.csv,1.7825142641922804
S156_Q16.csv,1.7834482827699645
S237_Q1.csv,1.7881970216508964
S147_Q18.csv,1.794943691949929
S359_Q6.csv,1.7963544114752994
S294_Q10.csv,1.797335316894542
S92_Q23.csv,1.8053045619692427
S357_Q11.csv,1.807332167132071
S360_Q20.csv,1.8232902998524139
S284_Q1.csv,1.8295408533743645
S133_Q7.csv,1.8358134625756661
S89_Q13.csv,1.8391847328437203
S389_Q10.csv,1.8469953403025015
S158_Q16.csv,1.8537257639368248
S49_Q47.csv,1.8553911526364946
S294_Q6.csv,1.8597276911581981
S433_Q10.csv,1.8599796977152674
S294_Q9.csv,1.8628608756352785
S92_Q21.csv,1.8629078840931317
S7_Q2.csv,1.866095911452255
S333_Q6.csv,1.8664529294757881
S133_Q21.csv,1.8765108958712502
S357_Q15.csv,1.8775400569751406
S280_Q11.csv,1.888685181928107
S225_Q18.csv,1.8888298156938381
S296_Q13.csv,1.8973074821152704
S294_Q16.csv,1.901310798734195
S89_Q18.csv,1.9025791451073717
S394_Q4.csv,1.905799325577778
S357_Q9.csv,1.9082167031976556
S285_Q15.csv,1.9123471685333957
S124_Q4.csv,1.9201916307587514
S158_Q6.csv,1.9216602424378002
S156_Q14.csv,1.9219601135377284
S158_Q47.csv,1.9293932254507924
S393_Q9.csv,1.9294379361399632
S158_Q18.csv,1.9342203966445655
S54_Q2.csv,1.9355743589802636
S156_Q15.csv,1.9404120780901697
S54_Q7.csv,1.948263027227302
S49_Q7.csv,1.9511742287747804
S294_Q14.csv,1.95233271832008
S263_Q6.csv,1.9530949152547101
S133_Q4.csv,1.960763091570914
S89_Q15.csv,1.9608899947990026
S158_Q10.csv,1.960918684212138
S225_Q22.csv,1.9614660901760246
S54_Q9.csv,1.9677213773791369
S225_Q47.csv,1.9694509023615565
S54_Q22.csv,1.9746436757669117
S225_Q13.csv,1.9778366745485911
S294_Q2.csv,1.9795051517180031
S296_Q1.csv,1.9812010321368203
S294_Q1.csv,1.9820798064661813
S133_Q22.csv,1.985042776174629
S393_Q16.csv,1.989816690399404
S11_Q18.csv,1.9910283482102402
S294_Q7.csv,1.9911845562347747
S322_Q22.csv,1.99159957954012
S207_Q2.csv,1.992297007906762
S433_Q22.csv,1.9949319607952187
S158_Q9.csv,2.0017906947646997
S158_Q21.csv,2.0029062139611264
S133_Q20.csv,2.0057876154911036
S158_Q23.csv,2.0073785818613166
S280_Q9.csv,2.0099834113379074
S394_Q10.csv,2.0111073769855143
S391_Q1.csv,2.01199029825311
S133_Q9.csv,2.014003006088536
S7_Q6.csv,2.0157400567261163
S225_Q16.csv,2.0177003746407625
S92_Q47.csv,2.024843080729076
S279_Q23.csv,2.0288962936401216
S393_Q11.csv,2.0375617521240437
S263_Q22.csv,2.0456069026554635
S294_Q13.csv,2.0465748782561732
S49_Q2.csv,2.047129442050454
S133_Q10.csv,2.0485047850751106
S11_Q11.csv,2.048571359675139
S225_Q4.csv,2.0489871764263956
S225_Q23.csv,2.0522663657038374
S11_Q47.csv,2.0528040605641955
S133_Q11.csv,2.05532716530008
S280_Q10.csv,2.0586727913565035
S225_Q6.csv,2.0590955548529593
S133_Q13.csv,2.0615965938081455
S131_Q13.csv,2.062213887179679
S156_Q23.csv,2.0868052948939995
S393_Q6.csv,2.0885745492805277
S92_Q11.csv,2.0957832026314502
S225_Q7.csv,2.0959032707238827
S7_Q22.csv,2.096581614685533
S133_Q16.csv,2.097771947115041
S394_Q9.csv,2.1033663416964776
S158_Q20.csv,2.1082065713329414
S225_Q9.csv,2.1108210547210646
S92_Q10.csv,2.111357152472239
S322_Q2.csv,2.114409565908672
S225_Q11.csv,2.1160641916171303
S294_Q23.csv,2.1171708468270904
S92_Q6.csv,2.1229282099538116
S280_Q4.csv,2.1294510854730877
S225_Q20.csv,2.136106216290073
S336_Q9.csv,2.1384658487920016
S238_Q22.csv,2.1431678815493793
S238_Q23.csv,2.1431678815493793
S238_Q9.csv,2.1431678815493793
S238_Q20.csv,2.1431678815493793
S238_Q18.csv,2.1431678815493793
S238_Q7.csv,2.1431678815493793
S238_Q6.csv,2.1431678815493793
S238_Q21.csv,2.1431678815493793
S238_Q15.csv,2.1431678815493793
S238_Q2.csv,2.1431678815493793
S238_Q13.csv,2.1431678815493793
S238_Q4.csv,2.1431678815493793
S238_Q16.csv,2.1431678815493793
S238_Q11.csv,2.1431678815493793
S238_Q1.csv,2.1431678815493793
S238_Q14.csv,2.1431678815493793
S238_Q47.csv,2.1431678815493793
S125_Q16.csv,2.1523518253685783
S133_Q1.csv,2.155204129543793
S225_Q21.csv,2.1722506152684025
S85_Q13.csv,2.173171614980801
S158_Q14.csv,2.173178985676752
S181_Q21.csv,2.173714922926264
S158_Q13.csv,2.1860173924643225
S92_Q9.csv,2.1863538731706105
S225_Q2.csv,2.196132870307487
S89_Q20.csv,2.202273028910988
S133_Q6.csv,2.204661509373846
S271_Q4.csv,2.213611635298707
S11_Q15.csv,2.2174419768272147
S11_Q13.csv,2.2200275959309943
S133_Q14.csv,2.2210703847959508
S52_Q6.csv,2.225652667225177
S322_Q14.csv,2.2322573713503635
S246_Q22.csv,2.2329099480175207
S246_Q2.csv,2.2329099480175207
S246_Q13.csv,2.2329099480175207
S246_Q9.csv,2.2329099480175207
S246_Q4.csv,2.2329099480175207
S246_Q47.csv,2.2329099480175207
S246_Q20.csv,2.2329099480175207
S246_Q1.csv,2.2329099480175207
S246_Q7.csv,2.2329099480175207
S246_Q21.csv,2.2329099480175207
S246_Q16.csv,2.2329099480175207
S246_Q23.csv,2.2329099480175207
S246_Q18.csv,2.2329099480175207
S263_Q16.csv,2.2375220300766054
S158_Q11.csv,2.243462909298124
S404_Q2.csv,2.25459367961606
S338_Q22.csv,2.2562814653582675
S209_Q1.csv,2.279306487090604
S138_Q18.csv,2.2794420329478657
S404_Q22.csv,2.2845797288114036
S393_Q10.csv,2.2871377128076356
S225_Q15.csv,2.288924062874983
S92_Q7.csv,2.3065936341958215
S393_Q22.csv,2.311266401933569
S220_Q15.csv,2.321754335921707
S330_Q22.csv,2.323306911589279
S322_Q7.csv,2.3234932646030817
S285_Q18.csv,2.3277916074836393
S291_Q2.csv,2.3328307059468107
S246_Q11.csv,2.340750006381532
S158_Q2.csv,2.341792220983399
S220_Q9.csv,2.3485141992969245
S158_Q7.csv,2.348597420543039
S393_Q13.csv,2.3494338817763287
S394_Q6.csv,2.3566250800633073
S409_Q15.csv,2.3670377230511876
S394_Q7.csv,2.3692618782105423
S393_Q1.csv,2.369510708126506
S181_Q15.csv,2.374015471395184
S220_Q47.csv,2.375908143064237
S209_Q6.csv,2.3786576734375107
S220_Q20.csv,2.3854923075668255
S138_Q20.csv,2.387542934928473
S220_Q22.csv,2.3878055661314086
S138_Q2.csv,2.387981858998579
S404_Q10.csv,2.3897999375048657
S11_Q10.csv,2.395445981147348
S322_Q47.csv,2.3966649157170394
S220_Q7.csv,2.3967235780819474
S138_Q7.csv,2.3993076925214236
S220_Q4.csv,2.4116090221869353
S220_Q11.csv,2.412708739718362
S138_Q21.csv,2.4135041296215842
S220_Q14.csv,2.4164868047188133
S393_Q23.csv,2.4169512053179663
S164_Q4.csv,2.4225894626045403
S133_Q47.csv,2.4288364295267435
S163_Q21.csv,2.432468763557518
S163_Q20.csv,2.432468763557518
S11_Q14.csv,2.432725145842455
S404_Q15.csv,2.433439661772285
S360_Q18.csv,2.433573652561079
S138_Q9.csv,2.438652731251898
S138_Q13.csv,2.4388693829844152
S220_Q13.csv,2.43994276367062
S256_Q21.csv,2.444480365757468
S360_Q15.csv,2.449064017337914
S158_Q4.csv,2.450331580525794
S169_Q7.csv,2.4543681407719173
S393_Q14.csv,2.455546530689217
S360_Q47.csv,2.4562782241278853
S138_Q4.csv,2.463172474631271
S256_Q16.csv,2.4634635144073402
S330_Q7.csv,2.4717243537213003
S393_Q20.csv,2.472825720126546
S11_Q20.csv,2.4730099538646844
S133_Q18.csv,2.4766623329815944
S393_Q15.csv,2.477735089475348
S158_Q15.csv,2.4818358483494927
S341_Q16.csv,2.4825175271841826
S133_Q2.csv,2.483442876954726
S158_Q22.csv,2.4908684314889316
S336_Q2.csv,2.492962463023914
S225_Q10.csv,2.4937316165786454
S404_Q6.csv,2.494548350318613
S404_Q11.csv,2.4969084851406453
S220_Q2.csv,2.498781494624237
S164_Q13.csv,2.5011004421680534
S196_Q11.csv,2.503224386697267
S163_Q10.csv,2.5046805287820937
S341_Q20.csv,2.505443626357679
S163_Q6.csv,2.507618066065889
S163_Q23.csv,2.509132397261688
S163_Q14.csv,2.5109474537192944
S163_Q2.csv,2.511979619040738
S147_Q15.csv,2.5152560144718596
S138_Q16.csv,2.516464019418515
S350_Q4.csv,2.5165656596915156
S433_Q23.csv,2.517815444294679
S360_Q23.csv,2.5232008040402407
S147_Q9.csv,2.5259187916927743
S147_Q1.csv,2.527661229739954
S164_Q7.csv,2.530230221745564
S52_Q11.csv,2.5303565639006487
S138_Q10.csv,2.533538397937232
S164_Q2.csv,2.5345941713510647
S163_Q7.csv,2.53528754303032
S138_Q11.csv,2.5373031709537965
S163_Q22.csv,2.540727193952096
S220_Q18.csv,2.5410742983722017
S404_Q45.csv,2.550071704462913
S27_Q7.csv,2.555214065355864
S164_Q15.csv,2.557618404987996
S341_Q11.csv,2.56006814611962
S341_Q10.csv,2.5663695344498945
S271_Q6.csv,2.5697418818371704
S393_Q7.csv,2.5736716256701384
S163_Q47.csv,2.580043944462104
S11_Q4.csv,2.5808536429797666
S138_Q14.csv,2.58088284924288
S224_Q18.csv,2.581141945614629
S360_Q9.csv,2.5826943340712667
S138_Q22.csv,2.583849958932439
S209_Q10.csv,2.586999182630872
S138_Q23.csv,2.593992368077153
S341_Q18.csv,2.605282245480885
S246_Q14.csv,2.605890860371039
S394_Q45.csv,2.6073210746191897
S138_Q1.csv,2.6102102886158454
S157_Q4.csv,2.6164067979252534
S157_Q14.csv,2.6164067979252534
S157_Q23.csv,2.6164067979252534
S157_Q47.csv,2.6164067979252534
S157_Q20.csv,2.6164067979252534
S157_Q2.csv,2.6164067979252534
S157_Q15.csv,2.6164067979252534
S157_Q13.csv,2.6164067979252534
S157_Q18.csv,2.6164067979252534
S157_Q9.csv,2.6164067979252534
S157_Q7.csv,2.6164067979252534
S157_Q1.csv,2.6164067979252534
S157_Q21.csv,2.6164067979252534
S157_Q6.csv,2.6164067979252534
S157_Q11.csv,2.6164067979252534
S157_Q22.csv,2.6164067979252534
S157_Q16.csv,2.6164067979252534
S157_Q10.csv,2.6164067979252534
S220_Q10.csv,2.624943185063051
S163_Q13.csv,2.628688199413536
S224_Q47.csv,2.63089537925747
S139_Q18.csv,2.634177980240644
S144_Q20.csv,2.63493783211907
S144_Q13.csv,2.63493783211907
S144_Q11.csv,2.63493783211907
S144_Q6.csv,2.63493783211907
S144_Q4.csv,2.63493783211907
S144_Q2.csv,2.63493783211907
S144_Q15.csv,2.63493783211907
S144_Q10.csv,2.63493783211907
S144_Q47.csv,2.63493783211907
S336_Q21.csv,2.6381256232791075
S164_Q1.csv,2.644709858439284
S164_Q9.csv,2.645358875885658
S11_Q16.csv,2.6469216413037
S100_Q47.csv,2.648510126015566
S144_Q7.csv,2.6573684603457424
S404_Q18.csv,2.6584333026585547
S144_Q23.csv,2.660127141712536
S360_Q13.csv,2.665571239073963
S164_Q11.csv,2.666700637240978
S164_Q21.csv,2.6697908527285414
S164_Q22.csv,2.6705070455381508
S220_Q1.csv,2.670733603861309
S133_Q15.csv,2.675163695242124
S164_Q18.csv,2.676146576980364
S164_Q10.csv,2.676579609322017
S163_Q18.csv,2.6787070046382273
S144_Q14.csv,2.6789218605268204
S409_Q14.csv,2.6860778966258567
S164_Q23.csv,2.6866567818895692
S341_Q13.csv,2.68969535259582
S164_Q16.csv,2.695366028851234
S224_Q21.csv,2.696042559639204
S49_Q20.csv,2.6969418084228227
S12_Q15.csv,2.6969732791296392
S12_Q20.csv,2.6969732791296392
S12_Q9.csv,2.6969732791296392
S12_Q4.csv,2.6969732791296392
S12_Q13.csv,2.6969732791296392
S12_Q2.csv,2.6969732791296392
S12_Q18.csv,2.6969732791296392
S12_Q22.csv,2.6969732791296392
S12_Q1.csv,2.6969732791296392
S12_Q14.csv,2.6969732791296392
S12_Q21.csv,2.6969732791296392
S12_Q7.csv,2.6969732791296392
S12_Q23.csv,2.6969732791296392
S12_Q16.csv,2.6969732791296392
S12_Q11.csv,2.6969732791296392
S224_Q22.csv,2.7009848668252285
S12_Q6.csv,2.710323153563488
S341_Q6.csv,2.719386764620259
S341_Q14.csv,2.7195789114497946
S224_Q2.csv,2.7261852381755753
S163_Q1.csv,2.7272968905563926
S404_Q23.csv,2.738242524689807
S330_Q10.csv,2.7408809156196683
S163_Q11.csv,2.7418841941576373
S280_Q13.csv,2.7433808613364636
S224_Q15.csv,2.7505492052729457
S350_Q23.csv,2.750679914971445
S224_Q20.csv,2.752856178411481
S224_Q11.csv,2.7561612334886436
S144_Q22.csv,2.7564891579946793
S341_Q23.csv,2.7578060013707755
S224_Q23.csv,2.7610303510427503
S164_Q20.csv,2.7616165882344275
S409_Q1.csv,2.763452874164121
S404_Q9.csv,2.7683903038905555
S111_Q14.csv,2.7717017793370733
S224_Q4.csv,2.7784073164292384
S409_Q6.csv,2.7827535956031864
S224_Q16.csv,2.7847720129371463
S341_Q2.csv,2.7871222220260945
S341_Q1.csv,2.787321148278489
S27_Q4.csv,2.796716067953849
S140_Q10.csv,2.7993057483838015
S224_Q6.csv,2.800755658298081
S224_Q14.csv,2.801803759538985
S164_Q47.csv,2.8037341929678026
S404_Q7.csv,2.8066436786496194
S11_Q23.csv,2.8077391734134016
S166_Q9.csv,2.8089972095190623
S224_Q10.csv,2.813691870068062
S409_Q7.csv,2.8139158776129354
S224_Q13.csv,2.815867010625735
S164_Q6.csv,2.81631716291789
S222_Q20.csv,2.8274590366472507
S360_Q22.csv,2.8308548607607564
S409_Q4.csv,2.8324228709077297
S280_Q23.csv,2.8325279118690325
S11_Q21.csv,2.8423656019592234
S147_Q21.csv,2.8456399814847204
S341_Q22.csv,2.84737935680041
S230_Q18.csv,2.8490317044933535
S164_Q14.csv,2.8497583046843324
S144_Q1.csv,2.8531565440221884
S409_Q2.csv,2.853756161902932
S409_Q10.csv,2.855821044042934
S12_Q47.csv,2.8561244705508075
S404_Q20.csv,2.8660736077478033
S144_Q18.csv,2.868589265269392
S404_Q4.csv,2.870482830952862
S224_Q7.csv,2.871850725107778
S393_Q4.csv,2.877881979046128
S217_Q16.csv,2.8808899588510597
S140_Q20.csv,2.8958899040334325
S224_Q9.csv,2.9055555926847325
S260_Q11.csv,2.9064914108267015
S260_Q22.csv,2.9064914108267015
S260_Q9.csv,2.9064914108267015
S260_Q14.csv,2.9064914108267015
S260_Q4.csv,2.9064914108267015
S260_Q47.csv,2.9064914108267015
S260_Q6.csv,2.9064914108267015
S260_Q2.csv,2.9064914108267015
S260_Q20.csv,2.9064914108267015
S260_Q16.csv,2.9064914108267015
S260_Q18.csv,2.9064914108267015
S260_Q10.csv,2.9064914108267015
S260_Q13.csv,2.9064914108267015
S260_Q15.csv,2.9064914108267015
S336_Q6.csv,2.906804591938316
S376_Q7.csv,2.910086513287961
S140_Q2.csv,2.917800023458065
S209_Q14.csv,2.9232933406323247
S409_Q11.csv,2.9255319850370536
S230_Q4.csv,2.9288965168840946
S140_Q13.csv,2.9309025338616763
S222_Q47.csv,2.938758032594652
S230_Q11.csv,2.938974875045297
S144_Q9.csv,2.9395606120685134
S54_Q13.csv,2.9408885336880406
S140_Q9.csv,2.942939936762577
S225_Q1.csv,2.94437783183567
S332_Q7.csv,2.9459406791382823
S138_Q6.csv,2.949156095510199
S217_Q6.csv,2.949989746983111
S89_Q47.csv,2.951786486036311
S341_Q7.csv,2.955071433928721
S230_Q22.csv,2.9570906350211805
S330_Q16.csv,2.9651499460929376
S260_Q23.csv,2.9700481072629366
S404_Q16.csv,2.974698545319998
S336_Q11.csv,2.9763926001359806
S222_Q9.csv,2.977270073815751
S230_Q16.csv,2.978340546332509
S222_Q10.csv,2.979560835489636
S220_Q16.csv,2.981923661700324
S230_Q9.csv,2.982174906241914
S409_Q9.csv,2.9840678245855137
S222_Q2.csv,2.9909880263367286
S230_Q47.csv,2.9916801042857997
S140_Q16.csv,2.9920311515134634
S230_Q23.csv,3.0036909152862936
S230_Q1.csv,3.0048674654332754
S271_Q2.csv,3.005054200421844
S230_Q10.csv,3.009903688121385
S217_Q47.csv,3.0099849759158035
S409_Q20.csv,3.0107019725673725
S144_Q16.csv,3.012021591492983
S230_Q7.csv,3.013730793575193
S144_Q21.csv,3.01422913659855
S11_Q22.csv,3.0251503105772866
S230_Q2.csv,3.0316608052166054
S404_Q21.csv,3.033866166120797
S360_Q10.csv,3.037520331646477
S140_Q6.csv,3.042309729120889
S217_Q15.csv,3.0426542450456386
S140_Q22.csv,3.043394676297116
S140_Q23.csv,3.0453028183008586
S140_Q7.csv,3.045857584123616
S140_Q1.csv,3.047060286693762
S404_Q1.csv,3.0512364430234333
S140_Q4.csv,3.0515509938482968
S217_Q21.csv,3.0626259233393913
S140_Q15.csv,3.065424537582452
S394_Q18.csv,3.074178200270706
S271_Q1.csv,3.07752361513781
S140_Q21.csv,3.078588515078067
S231_Q2.csv,3.081512228718062
S409_Q21.csv,3.0885626354892666
S203_Q1.csv,3.089510692019405
S295_Q1.csv,3.094398522038057
S222_Q1.csv,3.097631071461036
S222_Q21.csv,3.097631071461036
S222_Q16.csv,3.097631071461036
S222_Q6.csv,3.097631071461036
S222_Q11.csv,3.097631071461036
S222_Q13.csv,3.097631071461036
S336_Q1.csv,3.0984657805084264
S336_Q4.csv,3.099850399918898
S260_Q7.csv,3.1145464806005734
S336_Q22.csv,3.1202406470603017
S11_Q9.csv,3.1205705766831517
S409_Q47.csv,3.121065689516595
S140_Q11.csv,3.1224337102396524
S140_Q18.csv,3.1247632955514617
S404_Q13.csv,3.127270551919918
S263_Q7.csv,3.1306593798569144
S224_Q1.csv,3.131475727723584
S336_Q23.csv,3.133969599979457
S11_Q1.csv,3.1345777897461957
S264_Q21.csv,3.1413032457391354
S264_Q20.csv,3.1413032457391354
S264_Q16.csv,3.1413032457391354
S264_Q22.csv,3.1413032457391354
S264_Q15.csv,3.1413032457391354
S264_Q4.csv,3.1413032457391354
S264_Q2.csv,3.1413032457391354
S38_Q4.csv,3.1413158872335125
S38_Q7.csv,3.1413158872335125
S38_Q22.csv,3.1413158872335125
S38_Q13.csv,3.1413158872335125
S38_Q23.csv,3.1413158872335125
S38_Q11.csv,3.1413158872335125
S38_Q21.csv,3.1413158872335125
S38_Q10.csv,3.1413158872335125
S38_Q20.csv,3.1413158872335125
S38_Q9.csv,3.1413158872335125
S38_Q16.csv,3.1413158872335125
S38_Q6.csv,3.1413158872335125
S38_Q1.csv,3.1413158872335125
S38_Q14.csv,3.1413158872335125
S38_Q47.csv,3.1413158872335125
S38_Q18.csv,3.1413158872335125
S38_Q2.csv,3.1413158872335125
S209_Q18.csv,3.1533879869238293
S409_Q16.csv,3.153452931746354
S263_Q4.csv,3.1622942112895833
S220_Q21.csv,3.164753517925462
S140_Q14.csv,3.174285400182689
S217_Q11.csv,3.1781331461029403
S404_Q14.csv,3.184630690804049
S231_Q23.csv,3.188251588565692
S27_Q9.csv,3.195983166647345
S271_Q20.csv,3.199131504424596
S217_Q13.csv,3.201914943617113
S147_Q2.csv,3.2048967158051327
S330_Q47.csv,3.2072480595473447
S409_Q45.csv,3.210090879691141
S11_Q6.csv,3.2246269620755603
S271_Q18.csv,3.2288240857986863
S147_Q23.csv,3.2399431184074876
S330_Q13.csv,3.249124049637064
S263_Q10.csv,3.274663475769803
S260_Q1.csv,3.288731682773474
S138_Q15.csv,3.2894711779936694
S89_Q1.csv,3.2933159491042727
S133_Q23.csv,3.3078293334431748
S49_Q9.csv,3.3116649335063464
S11_Q2.csv,3.317948542687596
S330_Q6.csv,3.326498204580297
S260_Q21.csv,3.3555201671619344
S11_Q7.csv,3.364409457681888
S433_Q21.csv,3.3652663896446677
S433_Q7.csv,3.371925119026925
S138_Q47.csv,3.385508372475996
S317_Q15.csv,3.388923154718983
S317_Q21.csv,3.388923154718983
S317_Q47.csv,3.388923154718983
S217_Q14.csv,3.413372655448704
S317_Q22.csv,3.41401579122116
S231_Q1.csv,3.4167174398119013
S317_Q10.csv,3.4255908692497345
S330_Q4.csv,3.428571269002771
S317_Q11.csv,3.434948634736148
S12_Q10.csv,3.4363578051929125
S317_Q20.csv,3.473718355292101
S330_Q1.csv,3.482270572428259
S317_Q7.csv,3.4907188550427892
S330_Q9.csv,3.511136101781193
S38_Q15.csv,3.5172165964678745
S317_Q16.csv,3.5242217812109877
S317_Q4.csv,3.528003755054644
S317_Q6.csv,3.535386237257567
S209_Q11.csv,3.536792825410859
S147_Q47.csv,3.5461098271510894
S217_Q23.csv,3.5483063604684046
S229_Q20.csv,3.5537764961308467
S231_Q7.csv,3.55984883164771
S317_Q14.csv,3.560544283419929
S209_Q16.csv,3.564353799716912
S263_Q15.csv,3.569972504117438
S52_Q14.csv,3.574612986385174
S169_Q13.csv,3.5829002766699523
S317_Q23.csv,3.590767718914193
S209_Q20.csv,3.6015727069962455
S317_Q1.csv,3.604534876895243
S217_Q18.csv,3.6084923623463143
S231_Q18.csv,3.6115998730480823
S317_Q13.csv,3.6145536359231865
S209_Q22.csv,3.624677825257888
S229_Q4.csv,3.6291175288075426
S229_Q18.csv,3.6378099245633493
S263_Q23.csv,3.6497332230993975
S140_Q47.csv,3.651080914410571
S229_Q16.csv,3.6588278161109935
S217_Q9.csv,3.674744763589848
S330_Q2.csv,3.6755529354419485
S350_Q13.csv,3.6775725794312297
S209_Q15.csv,3.682032633480886
S229_Q2.csv,3.6856324980995963
S376_Q1.csv,3.688732404164627
S229_Q6.csv,3.6908707288501814
S54_Q4.csv,3.6910852391128284
S229_Q9.csv,3.6919025317046352
S317_Q2.csv,3.6979941654274646
S317_Q9.csv,3.710384507235879
S229_Q11.csv,3.716014980398203
S412_Q23.csv,3.7284097878391074
S229_Q7.csv,3.749282351364075
S229_Q10.csv,3.752219145613104
S117_Q11.csv,3.754823753242035
S56_Q16.csv,3.7600376268650564
S56_Q22.csv,3.7600376268650564
S56_Q1.csv,3.7600376268650564
S56_Q15.csv,3.7600376268650564
S56_Q6.csv,3.7600376268650564
S56_Q2.csv,3.7600376268650564
S56_Q20.csv,3.7600376268650564
S56_Q4.csv,3.7600376268650564
S56_Q18.csv,3.7600376268650564
S56_Q23.csv,3.7600376268650564
S56_Q13.csv,3.7600376268650564
S56_Q11.csv,3.7600376268650564
S56_Q7.csv,3.7600376268650564
S56_Q21.csv,3.7600376268650564
S56_Q47.csv,3.7600376268650564
S229_Q23.csv,3.764767414619948
S310_Q20.csv,3.7892063510454976
S56_Q14.csv,3.78943843144207
S341_Q9.csv,3.8019756316787103
S297_Q11.csv,3.802350065888761
S293_Q18.csv,3.8077277176359106
S229_Q1.csv,3.812326913473735
S229_Q22.csv,3.8160994983045198
S330_Q11.csv,3.836488919222862
S409_Q13.csv,3.8403721368867125
S54_Q1.csv,3.842202064369165
S53_Q23.csv,3.864032161980579
S53_Q21.csv,3.873889391481738
S310_Q4.csv,3.8772170386252434
S297_Q22.csv,3.8830379864960465
S232_Q21.csv,3.891504395175577
S232_Q10.csv,3.891504395175577
S232_Q6.csv,3.891504395175577
S232_Q22.csv,3.891504395175577
S232_Q9.csv,3.891504395175577
S232_Q4.csv,3.891504395175577
S232_Q7.csv,3.891504395175577
S232_Q2.csv,3.891504395175577
S232_Q47.csv,3.891504395175577
S232_Q23.csv,3.891504395175577
S232_Q14.csv,3.891504395175577
S232_Q13.csv,3.891504395175577
S232_Q15.csv,3.891504395175577
S232_Q11.csv,3.891504395175577
S232_Q20.csv,3.891504395175577
S232_Q16.csv,3.891504395175577
S217_Q22.csv,3.896167301663681
S231_Q14.csv,3.8995465796395448
S297_Q10.csv,3.899712049500594
S336_Q13.csv,3.900520056426782
S229_Q14.csv,3.9047397336231997
S231_Q21.csv,3.9059643177809673
S231_Q11.csv,3.9091329927310423
S310_Q1.csv,3.910938190694242
S297_Q13.csv,3.913945750344914
S310_Q11.csv,3.918123405991068
S297_Q23.csv,3.931384453740465
S48_Q2.csv,3.93632229292436
S297_Q14.csv,3.939754253364838
S297_Q4.csv,3.946065828151152
S412_Q47.csv,3.946568359069852
S310_Q7.csv,3.949234753243873
S310_Q13.csv,3.9809181934113456
S350_Q15.csv,3.9861536050011743
S231_Q22.csv,3.986806266358347
S53_Q6.csv,3.9928944110106084
S297_Q47.csv,3.9995134446966345
S310_Q23.csv,4.003634872319753
S297_Q7.csv,4.0059948551880495
S297_Q20.csv,4.0220631451892075
S336_Q20.csv,4.059610486066281
S297_Q1.csv,4.059632464427224
S229_Q15.csv,4.070682897671071
S310_Q18.csv,4.0769404914519445
S336_Q14.csv,4.080059413160765
S53_Q11.csv,4.080733328064109
S310_Q21.csv,4.0837521555905125
S56_Q10.csv,4.087827540697657
S54_Q16.csv,4.089343873497381
S231_Q6.csv,4.091745362066536
S310_Q14.csv,4.092239452382102
S297_Q6.csv,4.100829861140859
S48_Q1.csv,4.110701367046101
S297_Q21.csv,4.116631800835579
S310_Q10.csv,4.121342404561747
S310_Q15.csv,4.130386569498724
S53_Q16.csv,4.131829170611788
S310_Q47.csv,4.133829046436252
S48_Q11.csv,4.147413022445692
S48_Q22.csv,4.147768811215268
S433_Q47.csv,4.163091264071804
S53_Q10.csv,4.163442034520733
S297_Q2.csv,4.164690517777888
S297_Q9.csv,4.168261930602001
S217_Q20.csv,4.1803202686913
S48_Q16.csv,4.187253149855567
S297_Q18.csv,4.208870337891745
S37_Q1.csv,4.227059173244542
S147_Q13.csv,4.232995914346037
S231_Q4.csv,4.235907450772697
S54_Q47.csv,4.2549140729142785
S54_Q6.csv,4.269102660499522
S412_Q14.csv,4.276455087955764
S147_Q14.csv,4.277079827232362
S336_Q47.csv,4.277265977407405
S231_Q20.csv,4.3119194846995335
S263_Q14.csv,4.312104096575231
S48_Q13.csv,4.314665874752388
S1_Q13.csv,4.325980886106372
S53_Q20.csv,4.33869115885569
S231_Q15.csv,4.346627354152343
S339_Q15.csv,4.349839381083482
S231_Q9.csv,4.359548894631022
S263_Q13.csv,4.366968569368859
S53_Q18.csv,4.379383506029998
S263_Q11.csv,4.4430964686699905
S48_Q47.csv,4.470890111964829
S54_Q11.csv,4.4716140152767245
S48_Q9.csv,4.483550961786304
S297_Q15.csv,4.488187216517127
S263_Q1.csv,4.4964468819352845
S310_Q22.csv,4.4994842565366175
S206_Q7.csv,4.500939886499146
S1_Q11.csv,4.522087884254078
S231_Q13.csv,4.522765813095707
S231_Q47.csv,4.522893489950537
S56_Q9.csv,4.532375016093393
S53_Q7.csv,4.561843564637989
S339_Q14.csv,4.564623807801194
S350_Q21.csv,4.579314935276795
S48_Q18.csv,4.584030475389737
S48_Q10.csv,4.587147779481386
S231_Q16.csv,4.589418591870778
S48_Q15.csv,4.603223628647206
S293_Q47.csv,4.6432926837107695
S48_Q7.csv,4.6435441578826
S80_Q7.csv,4.655651758578203
S80_Q1.csv,4.655651758578203
S80_Q20.csv,4.655651758578203
S80_Q2.csv,4.655651758578203
S80_Q47.csv,4.655651758578203
S80_Q9.csv,4.655651758578203
S80_Q11.csv,4.655651758578203
S80_Q4.csv,4.655651758578203
S80_Q22.csv,4.655651758578203
S80_Q10.csv,4.655651758578203
S80_Q15.csv,4.655651758578203
S80_Q18.csv,4.655651758578203
S80_Q21.csv,4.655651758578203
S80_Q23.csv,4.655651758578203
S80_Q13.csv,4.655651758578203
S48_Q6.csv,4.679488095833847
S80_Q6.csv,4.689219300948097
S80_Q16.csv,4.714258294774721
S48_Q20.csv,4.717843083221163
S48_Q14.csv,4.725409479600394
S263_Q20.csv,4.7421475568140945
S339_Q18.csv,4.759842304025182
S80_Q14.csv,4.788746710431092
S53_Q47.csv,4.7918869548867855
S53_Q14.csv,4.819742180367943
S311_Q22.csv,4.825200434411894
S350_Q20.csv,4.844684774311102
S350_Q18.csv,4.854348167336253
S53_Q9.csv,4.879385559113605
S279_Q22.csv,4.909260019328275
S53_Q22.csv,4.92315582356231
S263_Q9.csv,4.925418428298263
S53_Q1.csv,4.94607245387577
S351_Q7.csv,4.971456745564958
S351_Q21.csv,5.002557847198439
S217_Q7.csv,5.003298612686352
S53_Q15.csv,5.0175292722009734
S53_Q13.csv,5.069029518172772
S217_Q4.csv,5.074814739963144
S297_Q16.csv,5.08901079395436
S310_Q6.csv,5.125869749263192
S412_Q2.csv,5.158680789925173
S339_Q47.csv,5.197754540589948
S339_Q22.csv,5.233264475975267
S339_Q11.csv,5.280331268963336
S54_Q21.csv,5.321563709816603
S331_Q22.csv,5.352981198000762
S433_Q15.csv,5.373342630982609
S331_Q15.csv,5.396524879475537
S331_Q4.csv,5.398062379207403
S331_Q9.csv,5.398557861741852
S53_Q4.csv,5.4106065171134885
S231_Q10.csv,5.437957914029031
S331_Q21.csv,5.438137113715816
S263_Q18.csv,5.453105576499759
S331_Q2.csv,5.488110770749241
S136_Q22.csv,5.501354046885783
S136_Q14.csv,5.501354046885783
S136_Q9.csv,5.501354046885783
S136_Q13.csv,5.501354046885783
S136_Q1.csv,5.501354046885783
S136_Q20.csv,5.501354046885783
S136_Q47.csv,5.501354046885783
S136_Q18.csv,5.501354046885783
S136_Q2.csv,5.501354046885783
S136_Q16.csv,5.501354046885783
S136_Q4.csv,5.501354046885783
S53_Q2.csv,5.507475102126009
S136_Q6.csv,5.51247395509171
S136_Q7.csv,5.536641480361146
S331_Q1.csv,5.537405342871361
S331_Q23.csv,5.539272353583544
S136_Q11.csv,5.545545945669199
S350_Q7.csv,5.5583502217261245
S339_Q20.csv,5.5616991750104585
S100_Q9.csv,5.571957783957747
S44_Q23.csv,5.614082850675038
S136_Q10.csv,5.621086325799408
S136_Q23.csv,5.653121450161316
S339_Q4.csv,5.656807709024846
S44_Q18.csv,5.6787597038253335
S136_Q21.csv,5.736354868013004
S44_Q21.csv,5.754297905594688
S217_Q10.csv,5.757422860092672
S44_Q13.csv,5.759847996433413
S341_Q21.csv,5.7729462387348836
S331_Q7.csv,5.838801751255065
S331_Q14.csv,5.842347409499357
S331_Q10.csv,5.903731196720027
S54_Q14.csv,5.916150501069481
S351_Q2.csv,5.925491600607044
S351_Q23.csv,5.925491600607044
S351_Q11.csv,5.925491600607044
S351_Q14.csv,5.925491600607044
S351_Q10.csv,5.925491600607044
S351_Q13.csv,5.925491600607044
S351_Q15.csv,5.925491600607044
S351_Q6.csv,5.925491600607044
S351_Q47.csv,5.925491600607044
S351_Q1.csv,5.925491600607044
S351_Q22.csv,5.925491600607044
S351_Q20.csv,5.925491600607044
S351_Q16.csv,5.925491600607044
S351_Q4.csv,5.925491600607044
S351_Q18.csv,5.925491600607044
S351_Q9.csv,5.925491600607044
S54_Q10.csv,5.947207798623211
S44_Q20.csv,5.969189701984204
S44_Q14.csv,6.049299353373206
S44_Q4.csv,6.056276724419055
S339_Q7.csv,6.0739595063673075
S209_Q47.csv,6.094873365156952
S54_Q15.csv,6.162235750970939
S339_Q23.csv,6.185181533800484
S339_Q21.csv,6.187179979700191
S339_Q16.csv,6.189249711156127
S332_Q6.csv,6.225982474930609
S332_Q47.csv,6.225982474930609
S350_Q10.csv,6.379476711943512
S332_Q9.csv,6.454265667091981
S339_Q6.csv,6.499474573511328
S54_Q20.csv,6.551806305322076
S331_Q11.csv,6.727871304286786
S48_Q4.csv,6.75797930794297
S339_Q13.csv,6.779099217308316
S331_Q6.csv,6.825765512826714
S332_Q14.csv,6.8371119246165915
S205_Q10.csv,6.909053260492198
S331_Q16.csv,6.942101548935764
S139_Q14.csv,6.954519103742393
S139_Q21.csv,6.954519103742393
S139_Q9.csv,6.954519103742393
S139_Q1.csv,6.954519103742393
S139_Q15.csv,6.954519103742393
S139_Q16.csv,6.954519103742393
S139_Q22.csv,6.954519103742393
S139_Q20.csv,6.954519103742393
S139_Q13.csv,6.954519103742393
S139_Q23.csv,6.954519103742393
S139_Q11.csv,6.954519103742393
S139_Q47.csv,6.954519103742393
S139_Q10.csv,6.954519103742393
S139_Q4.csv,6.954519103742393
S139_Q2.csv,6.975794045989025
S218_Q7.csv,7.05734820982065
S232_Q1.csv,7.075677805757081
S331_Q13.csv,7.07775196875496
S332_Q1.csv,7.089753871467767
S332_Q13.csv,7.206034398413115
S345_Q14.csv,7.212745822469945
S332_Q20.csv,7.276828328976892
S332_Q22.csv,7.301768007738801
S332_Q4.csv,7.363292712195346
S44_Q16.csv,7.414603633698377
S332_Q11.csv,7.495272219890823
S332_Q23.csv,7.51137061821987
S110_Q16.csv,7.540539144428699
S44_Q6.csv,7.61674179415815
S332_Q2.csv,7.6612354923223025
S323_Q7.csv,7.680849760681022
S323_Q13.csv,7.680849760681022
S323_Q15.csv,7.680849760681022
S323_Q9.csv,7.680849760681022
S323_Q18.csv,7.680849760681022
S323_Q10.csv,7.680849760681022
S323_Q23.csv,7.680849760681022
S323_Q20.csv,7.680849760681022
S323_Q21.csv,7.680849760681022
S323_Q4.csv,7.680849760681022
S323_Q14.csv,7.680849760681022
S323_Q16.csv,7.680849760681022
S323_Q47.csv,7.680849760681022
S323_Q22.csv,7.680849760681022
S323_Q11.csv,7.680849760681022
S323_Q6.csv,7.680849760681022
S323_Q1.csv,7.680849760681022
S323_Q2.csv,7.680849760681022
S412_Q18.csv,7.70876753328256
S412_Q6.csv,7.749925352760644
S339_Q9.csv,7.779456251657319
S332_Q10.csv,7.797260868595604
S322_Q16.csv,7.8331023702901295
S339_Q10.csv,7.849472916042975
S197_Q47.csv,7.87444011440294
S339_Q2.csv,7.909950575815698
S332_Q15.csv,7.942627748128198
S205_Q7.csv,7.971492534897656
S44_Q15.csv,7.991209434492609
S412_Q10.csv,8.041523609631088
S39_Q14.csv,8.058151451504758
S39_Q18.csv,8.058151451504758
S39_Q22.csv,8.058151451504758
S39_Q16.csv,8.058151451504758
S39_Q1.csv,8.058151451504758
S39_Q20.csv,8.058151451504758
S39_Q15.csv,8.058151451504758
S331_Q47.csv,8.077988734552475
S345_Q2.csv,8.4699383582422
S331_Q20.csv,8.56521287238178
S345_Q7.csv,8.603792090218757
S39_Q10.csv,8.623226183700819
S412_Q4.csv,8.769339879928118
S412_Q21.csv,8.8229198735377
S412_Q1.csv,8.940614864661471
S412_Q15.csv,9.158009754288324
S409_Q22.csv,9.173900221579295
S44_Q10.csv,9.197242609206176
S339_Q1.csv,9.261289207686342
S412_Q11.csv,9.434919326535413
S412_Q45.csv,9.439559864952729
S412_Q20.csv,9.532916087947141
S27_Q20.csv,9.535467984465512
S44_Q22.csv,9.573682129488729
S204_Q16.csv,9.629391302840265
S39_Q47.csv,9.63761137159062
S197_Q22.csv,9.638824743383655
S412_Q22.csv,9.70325970718961
S100_Q6.csv,9.843592064730249
S44_Q1.csv,9.875514058224018
S331_Q18.csv,9.983648038094508
S54_Q18.csv,10.079843342727496
S433_Q14.csv,10.120738566253593
S44_Q7.csv,10.346255697564485
S409_Q18.csv,10.53740556079518
S44_Q11.csv,10.557334631594328
S44_Q47.csv,10.55744747064456
S409_Q23.csv,11.358765327483848
S412_Q7.csv,11.534244253167092
S48_Q21.csv,11.803254194830956
S39_Q6.csv,12.112745334151164
S39_Q21.csv,12.496024516842798
S232_Q18.csv,12.516098142334506
S44_Q9.csv,12.542483079314222
S412_Q16.csv,12.580081425286743
S412_Q13.csv,12.594564872617775
S124_Q2.csv,12.67988982257766
S412_Q9.csv,12.694375374067281
S39_Q7.csv,12.706696580313643
S39_Q13.csv,12.740086969064013
S205_Q21.csv,12.746035615714971
S205_Q14.csv,12.84324603291886
S39_Q11.csv,13.193263157079077
S196_Q4.csv,13.268212917172193
S433_Q16.csv,14.398886495557043
S203_Q47.csv,15.0
S218_Q18.csv,15.0
S210_Q15.csv,15.0
S203_Q22.csv,15.0
S218_Q22.csv,15.0
S212_Q2.csv,15.0
S44_Q2.csv,15.0
S206_Q47.csv,15.0
S203_Q20.csv,15.0
S203_Q4.csv,15.0
S197_Q20.csv,15.0
S125_Q47.csv,15.0
S210_Q16.csv,15.0
S213_Q1.csv,15.0
S212_Q1.csv,15.0
S210_Q18.csv,15.0
S212_Q7.csv,15.0
S205_Q4.csv,15.0
S118_Q1.csv,15.0
S210_Q2.csv,15.0
S213_Q7.csv,15.0
S210_Q7.csv,15.0
S213_Q11.csv,15.0
S192_Q10.csv,15.0
S213_Q16.csv,15.0
S213_Q20.csv,15.0
S213_Q2.csv,15.0
S213_Q4.csv,15.0
S213_Q18.csv,15.0
S124_Q6.csv,15.0
S218_Q13.csv,15.0
S27_Q15.csv,15.0
S213_Q13.csv,15.0
S203_Q7.csv,15.0
S361_Q13.csv,15.0
S121_Q9.csv,15.0
S212_Q9.csv,15.0
S203_Q23.csv,15.0
S118_Q21.csv,15.0
S26_Q7.csv,15.0
S218_Q47.csv,15.0
S125_Q13.csv,15.0
S210_Q23.csv,15.0
S203_Q16.csv,15.0
S207_Q1.csv,15.0
S110_Q1.csv,15.0
S118_Q14.csv,15.0
S205_Q20.csv,15.0
S203_Q21.csv,15.0
S361_Q16.csv,15.0
S361_Q22.csv,15.0
S210_Q20.csv,15.0
S206_Q15.csv,15.0
S218_Q1.csv,15.0
S218_Q16.csv,15.0
S205_Q22.csv,15.0
S218_Q4.csv,15.0
S118_Q9.csv,15.0
S212_Q47.csv,15.0
S27_Q2.csv,15.0
S210_Q9.csv,15.0
S210_Q22.csv,15.0
S206_Q14.csv,15.0
S118_Q23.csv,15.0
S100_Q4.csv,15.0
S212_Q6.csv,15.0
S212_Q22.csv,15.0
S203_Q15.csv,15.0
S361_Q11.csv,15.0
S203_Q13.csv,15.0
S361_Q20.csv,15.0
S206_Q16.csv,15.0
S218_Q15.csv,15.0
S212_Q21.csv,15.0
S124_Q20.csv,15.0
S197_Q23.csv,15.0
S124_Q9.csv,15.0
S218_Q9.csv,15.0
S25_Q23.csv,15.0
S218_Q11.csv,15.0
S39_Q4.csv,15.0
S213_Q47.csv,15.0
S205_Q6.csv,15.0
S204_Q14.csv,15.0
S210_Q47.csv,15.0
S361_Q47.csv,15.0
S203_Q14.csv,15.0
S361_Q15.csv,15.0
S203_Q2.csv,15.0
S213_Q14.csv,15.0
S206_Q23.csv,15.0
S117_Q15.csv,15.0
S111_Q15.csv,15.0
S332_Q16.csv,15.0
S209_Q23.csv,15.0
S212_Q20.csv,15.0
S212_Q14.csv,15.0
S39_Q9.csv,15.0
S117_Q22.csv,15.0
S212_Q16.csv,15.0
S197_Q15.csv,15.0
S213_Q6.csv,15.0
S205_Q47.csv,15.0
S136_Q15.csv,15.0
S361_Q21.csv,15.0
S205_Q13.csv,15.0
S210_Q4.csv,15.0
S202_Q6.csv,15.0
S218_Q14.csv,15.0
S212_Q23.csv,15.0
S213_Q21.csv,15.0
S213_Q23.csv,15.0
S212_Q10.csv,15.0
S206_Q11.csv,15.0
S111_Q11.csv,15.0
S125_Q9.csv,15.0
S203_Q18.csv,15.0
S118_Q13.csv,15.0
S205_Q23.csv,15.0
S39_Q23.csv,15.0
S194_Q14.csv,15.0
S118_Q7.csv,15.0
S210_Q6.csv,15.0
S218_Q23.csv,15.0
S361_Q23.csv,15.0
S218_Q6.csv,15.0
S203_Q6.csv,15.0
S111_Q23.csv,15.0
S213_Q22.csv,15.0
S210_Q10.csv,15.0
S213_Q9.csv,15.0
S218_Q21.csv,15.0
S100_Q23.csv,15.0
S117_Q23.csv,15.0
S203_Q11.csv,15.0
S209_Q13.csv,15.0
S213_Q10.csv,15.0
S205_Q15.csv,15.0
S206_Q21.csv,15.0
S204_Q20.csv,15.0
S203_Q9.csv,15.0
S197_Q1.csv,15.0
S212_Q4.csv,15.0
S218_Q20.csv,15.0
S212_Q11.csv,15.0
S26_Q23.csv,15.0
S212_Q15.csv,15.0
S125_Q18.csv,15.0
S26_Q22.csv,15.0
S218_Q2.csv,15.0
S118_Q2.csv,15.0
S213_Q15.csv,15.0
S218_Q10.csv,15.0
S39_Q2.csv,15.0
S197_Q13.csv,15.0
S118_Q11.csv,15.0
S212_Q18.csv,15.0
S203_Q10.csv,15.0
S205_Q2.csv,15.0
S212_Q13.csv,15.0
S174_Q15.csv,15.0
S124_Q21.csv,15.0
S117_Q10.csv,15.0
S197_Q18.csv,15.0
